"","Close"
"2000-01-01",6874.3
"2000-01-02",6826.9
"2000-01-03",6707.4
"2000-01-04",6745.3
"2000-01-05",6861.2
"2000-01-06",6808.7
"2000-01-07",6743.3
"2000-01-08",6690.5
"2000-01-09",6705.7
"2000-01-10",6748.6
"2000-01-11",6724.3
"2000-01-12",6705.7
"2000-01-13",6774
"2000-01-14",6771
"2000-01-15",6736.2
"2000-01-16",6736.6
"2000-01-17",6651.4
"2000-01-18",6798.4
"2000-01-19",6849.9
"2000-01-20",6921.8
"2000-01-21",6889.5
"2000-01-22",7060
"2000-01-23",7073.1
"2000-01-24",7077.3
"2000-01-25",7141.3
"2000-01-26",7203.1
"2000-01-27",7143.3
"2000-01-28",7105.9
"2000-01-29",7179.5
"2000-01-30",7191.7
"2000-01-31",7131.6
"2000-02-01",7109.3
"2000-02-02",7178
"2000-02-03",7193.9
"2000-02-04",7200.7
"2000-02-05",7177
"2000-02-06",7151.8
"2000-02-07",7216.5
"2000-02-08",7194.4
"2000-02-09",7161
"2000-02-10",7159.7
"2000-02-11",7104.4
"2000-02-12",7053.8
"2000-02-13",7038.6
"2000-02-14",7066.6
"2000-02-15",7034.4
"2000-02-16",6992.5
"2000-02-17",6944.7
"2000-02-18",6895.8
"2000-02-19",6851.1
"2000-02-20",6831
"2000-02-21",6774.8
"2000-02-22",6746.4
"2000-02-23",6660.5
"2000-02-24",6649.4
"2000-02-25",6646.9
"2000-02-26",6691
"2000-02-27",6687.1
"2000-02-28",6714.9
"2000-02-29",6676.9
"2000-03-01",6637.4
"2000-03-02",6621.7
"2000-03-03",6683.8
"2000-03-04",6712.8
"2000-03-05",6721.4
"2000-03-06",6668.3
"2000-03-07",6545.6
"2000-03-08",6479.1
"2000-03-09",6490.9
"2000-03-10",6517.1
"2000-03-11",6559.2
"2000-03-12",6629.8
"2000-03-13",6627.6
"2000-03-14",6623.4
"2000-03-15",6656.6
"2000-03-16",6659.1
"2000-03-17",6719.1
"2000-03-18",6732.9
"2000-03-19",6659.6
"2000-03-20",6621.3
"2000-03-21",6627.1
"2000-03-22",6615.3
"2000-03-23",6518.9
"2000-03-24",6514.3
"2000-03-25",6616.3
"2000-03-26",6647.8
"2000-03-27",6715.6
"2000-03-28",6643.4
"2000-03-29",6579.8
"2000-03-30",6639.8
"2000-03-31",6571.9
"2000-04-01",6546.7
"2000-04-02",6585.7
"2000-04-03",6602.6
"2000-04-04",6641.4
"2000-04-05",6637.5
"2000-04-06",6653.9
"2000-04-07",6655
"2000-04-08",6702.2
"2000-04-09",6716.8
"2000-04-10",6735.3
"2000-04-11",6756.3
"2000-04-12",6802
"2000-04-13",6817.4
"2000-04-14",6742
"2000-04-15",6746.6
"2000-04-16",6714
"2000-04-17",6711.5
"2000-04-18",6787.3
"2000-04-19",6750.8
"2000-04-20",6684.4
"2000-04-21",6645.4
"2000-04-22",6609.3
"2000-04-23",6353.7
"2000-04-24",6306.6
"2000-04-25",6285.5
"2000-04-26",6151.3
"2000-04-27",5898.8
"2000-04-28",6041.6
"2000-04-29",6143.7
"2000-04-30",6166.9
"2000-05-01",6249.9
"2000-05-02",6328.8
"2000-05-03",6258.9
"2000-05-04",6281
"2000-05-05",6325.3
"2000-05-06",6397.5
"2000-05-07",6407.1
"2000-05-08",6405
"2000-05-09",6391.6
"2000-05-10",6476
"2000-05-11",6518
"2000-05-12",6528
"2000-05-13",6427.4
"2000-05-14",6474.6
"2000-05-15",6496.8
"2000-05-16",6483.1
"2000-05-17",6484.1
"2000-05-18",6562.8
"2000-05-19",6550
"2000-05-20",6533.2
"2000-05-21",6516.4
"2000-05-22",6581.3
"2000-05-23",6495.5
"2000-05-24",6435.6
"2000-05-25",6451.1
"2000-05-26",6596.8
"2000-05-27",6607.9
"2000-05-28",6690.6
"2000-05-29",6757.6
"2000-05-30",6735.8
"2000-05-31",6688.5
"2000-06-01",6696.9
"2000-06-02",6677.6
"2000-06-03",6674.9
"2000-06-04",6721.5
"2000-06-05",6821.8
"2000-06-06",6861.8
"2000-06-07",6895.3
"2000-06-08",6855
"2000-06-09",6832.2
"2000-06-10",6836.7
"2000-06-11",6859.7
"2000-06-12",6766.3
"2000-06-13",6663.1
"2000-06-14",6704.3
"2000-06-15",6748.8
"2000-06-16",6716.3
"2000-06-17",6763.6
"2000-06-18",6859.4
"2000-06-19",6813
"2000-06-20",6785.2
"2000-06-21",6776.2
"2000-06-22",6724.3
"2000-06-23",6789.3
"2000-06-24",6760.4
"2000-06-25",6664.7
"2000-06-26",6773.8
"2000-06-27",6855.7
"2000-06-28",6872.2
"2000-06-29",6827.4
"2000-06-30",6828.2
"2000-07-01",6860.4
"2000-07-02",6905.2
"2000-07-03",6934.2
"2000-07-04",6912.7
"2000-07-05",6916.1
"2000-07-06",6947.9
"2000-07-07",6977.9
"2000-07-08",6971
"2000-07-09",6951.6
"2000-07-10",6919.3
"2000-07-11",6936.4
"2000-07-12",6904.5
"2000-07-13",6885.2
"2000-07-14",6893.3
"2000-07-15",6887.3
"2000-07-16",6851.7
"2000-07-17",6964.4
"2000-07-18",6974.8
"2000-07-19",6885.8
"2000-07-20",6869.3
"2000-07-21",6910.6
"2000-07-22",6967.9
"2000-07-23",6945.3
"2000-07-24",6829.3
"2000-07-25",6814.4
"2000-07-26",6916.8
"2000-07-27",6912.5
"2000-07-28",6900
"2000-07-29",6856.9
"2000-07-30",6869.8
"2000-07-31",6830.4
"2000-08-01",6831.6
"2000-08-02",6857.6
"2000-08-03",6923.1
"2000-08-04",6956
"2000-08-05",7020.2
"2000-08-06",7037.6
"2000-08-07",6960.5
"2000-08-08",6981.4
"2000-08-09",6985.9
"2000-08-10",7113.3
"2000-08-11",7202.1
"2000-08-12",7245
"2000-08-13",7229.7
"2000-08-14",7203.5
"2000-08-15",7286.9
"2000-08-16",7365.9
"2000-08-17",7297.8
"2000-08-18",7331.2
"2000-08-19",7415.3
"2000-08-20",7421
"2000-08-21",7389.4
"2000-08-22",7401.8
"2000-08-23",7405.6
"2000-08-24",7433.9
"2000-08-25",7484.6
"2000-08-26",7443.1
"2000-08-27",7547.1
"2000-08-28",7462.6
"2000-08-29",7462.1
"2000-08-30",7453.3
"2000-08-31",7387.8
"2000-09-01",7472.4
"2000-09-02",7509.6
"2000-09-03",7504.7
"2000-09-04",7508.8
"2000-09-05",7495.8
"2000-09-06",7486.4
"2000-09-07",7519.5
"2000-09-08",7467.1
"2000-09-09",7498.7
"2000-09-10",7502.7
"2000-09-11",7618.2
"2000-09-12",7539.1
"2000-09-13",7529
"2000-09-14",7505.5
"2000-09-15",7572
"2000-09-16",7533.8
"2000-09-17",7499.6
"2000-09-18",7478.8
"2000-09-19",7518.2
"2000-09-20",7592.9
"2000-09-21",7549.9
"2000-09-22",7555.3
"2000-09-23",7537.6
"2000-09-24",7542.5
"2000-09-25",7536.5
"2000-09-26",7581.8
"2000-09-27",7659.5
"2000-09-28",7657.3
"2000-09-29",7665
"2000-09-30",7607.2
"2000-10-01",7660.8
"2000-10-02",7632.6
"2000-10-03",7604
"2000-10-04",7612.3
"2000-10-05",7637.1
"2000-10-06",7627.7
"2000-10-07",7655.8
"2000-10-08",7659.3
"2000-10-09",7607.7
"2000-10-10",7558
"2000-10-11",7553.4
"2000-10-12",7585.9
"2000-10-13",7559.3
"2000-10-14",7487.4
"2000-10-15",7500.5
"2000-10-16",7535
"2000-10-17",7539.9
"2000-10-18",7492.9
"2000-10-19",7450.4
"2000-10-20",7484.4
"2000-10-21",7448.4
"2000-10-22",7386.3
"2000-10-23",7418.7
"2000-10-24",7401.1
"2000-10-25",7442.4
"2000-10-26",7370.2
"2000-10-27",7326.2
"2000-10-28",7394.2
"2000-10-29",7411.8
"2000-10-30",7360.9
"2000-10-31",7269.1
"2000-11-01",7151.7
"2000-11-02",7031.2
"2000-11-03",6863.5
"2000-11-04",6872.4
"2000-11-05",6890.6
"2000-11-06",6987.7
"2000-11-07",7007.9
"2000-11-08",6985.9
"2000-11-09",6921.5
"2000-11-10",7030.6
"2000-11-11",7059.8
"2000-11-12",6947.4
"2000-11-13",6844.2
"2000-11-14",6753.6
"2000-11-15",6715.9
"2000-11-16",6615.3
"2000-11-17",6539.6
"2000-11-18",6564.3
"2000-11-19",6597.1
"2000-11-20",6336.7
"2000-11-21",6388.1
"2000-11-22",6519.3
"2000-11-23",6528.1
"2000-11-24",6625.6
"2000-11-25",6688.1
"2000-11-26",6826.4
"2000-11-27",6876.7
"2000-11-28",6917.7
"2000-11-29",6845.9
"2000-11-30",6777.2
"2000-12-01",6759.4
"2000-12-02",6735.7
"2000-12-03",6791.3
"2000-12-04",6925.8
"2000-12-05",6943.4
"2000-12-06",6890.9
"2000-12-07",6831.1
"2000-12-08",6953.1
"2000-12-09",6966.6
"2000-12-10",6960.6
"2000-12-11",7075.7
"2000-12-12",7021.4
"2000-12-13",6977.1
"2000-12-14",7039.8
"2000-12-15",6928.3
"2000-12-16",6918
"2000-12-17",6944.5
"2000-12-18",6917.6
"2000-12-19",6854.2
"2000-12-20",6867.1
"2000-12-21",6692.3
"2000-12-22",6746.7
"2000-12-23",6805
"2000-12-24",6717.4
"2000-12-25",6805.8
"2000-12-26",6884.7
"2000-12-27",6963.2
"2000-12-28",6856.1
"2000-12-29",6800.8
"2000-12-30",6823
"2000-12-31",6785.7
"2001-01-01",6752.5
"2001-01-02",6639.3
"2001-01-03",6544.7
"2001-01-04",6537.3
"2001-01-05",6434.3
"2001-01-06",6429.4
"2001-01-07",6581.9
"2001-01-08",6407.8
"2001-01-09",6395.7
"2001-01-10",6440.9
"2001-01-11",6416.8
"2001-01-12",6384.4
"2001-01-13",6290.2
"2001-01-14",6243.6
"2001-01-15",6208.1
"2001-01-16",6137.2
"2001-01-17",6148.3
"2001-01-18",6297.3
"2001-01-19",6333.3
"2001-01-20",6500.5
"2001-01-21",6396.2
"2001-01-22",6471.6
"2001-01-23",6515.8
"2001-01-24",6578.8
"2001-01-25",6471
"2001-01-26",6469.6
"2001-01-27",6431.3
"2001-01-28",6463.3
"2001-01-29",6358.5
"2001-01-30",6406.2
"2001-01-31",6453.6
"2001-02-01",6425.3
"2001-02-02",6477.1
"2001-02-03",6427.7
"2001-02-04",6532.1
"2001-02-05",6492.3
"2001-02-06",6465.2
"2001-02-07",6451.3
"2001-02-08",6388
"2001-02-09",6311.2
"2001-02-10",6313.9
"2001-02-11",6392
"2001-02-12",6505.5
"2001-02-13",6485.4
"2001-02-14",6472.5
"2001-02-15",6494.8
"2001-02-16",6485.1
"2001-02-17",6494.2
"2001-02-18",6479.3
"2001-02-19",6428.7
"2001-02-20",6500.8
"2001-02-21",6475.3
"2001-02-22",6412.9
"2001-02-23",6405.8
"2001-02-24",6460.2
"2001-02-25",6398.9
"2001-02-26",6451.7
"2001-02-27",6386
"2001-02-28",6435.3
"2001-03-01",6412.6
"2001-03-02",6403.7
"2001-03-03",6410.7
"2001-03-04",6446
"2001-03-05",6374.1
"2001-03-06",6343.5
"2001-03-07",6292.4
"2001-03-08",6366.1
"2001-03-09",6374.6
"2001-03-10",6367.8
"2001-03-11",6438.8
"2001-03-12",6419
"2001-03-13",6470.5
"2001-03-14",6446.1
"2001-03-15",6517.6
"2001-03-16",6476
"2001-03-17",6512.4
"2001-03-18",6487.8
"2001-03-19",6385.4
"2001-03-20",6421
"2001-03-21",6404.2
"2001-03-22",6376.7
"2001-03-23",6387.3
"2001-03-24",6321
"2001-03-25",6347.8
"2001-03-26",6317.7
"2001-03-27",6252.9
"2001-03-28",6155.4
"2001-03-29",6137
"2001-03-30",6045.5
"2001-03-31",5962.2
"2001-04-01",5995.8
"2001-04-02",5938.4
"2001-04-03",5950.3
"2001-04-04",5972.8
"2001-04-05",6000.7
"2001-04-06",5965.1
"2001-04-07",5995
"2001-04-08",5928.9
"2001-04-09",5899.8
"2001-04-10",5950.3
"2001-04-11",5905.6
"2001-04-12",5905.5
"2001-04-13",5843.3
"2001-04-14",5941.4
"2001-04-15",5986.7
"2001-04-16",5925.8
"2001-04-17",5886.2
"2001-04-18",5919.8
"2001-04-19",5816.8
"2001-04-20",5815.2
"2001-04-21",5796.3
"2001-04-22",5822.6
"2001-04-23",5791.9
"2001-04-24",5805.5
"2001-04-25",5700.6
"2001-04-26",5683.7
"2001-04-27",5627.8
"2001-04-28",5577.9
"2001-04-29",5482.7
"2001-04-30",5512.1
"2001-05-01",5524.5
"2001-05-02",5656.1
"2001-05-03",5646
"2001-05-04",5760.5
"2001-05-05",5705.1
"2001-05-06",5807.6
"2001-05-07",5823.4
"2001-05-08",5953.6
"2001-05-09",5781.1
"2001-05-10",5793
"2001-05-11",5757
"2001-05-12",5736.5
"2001-05-13",5730.6
"2001-05-14",5613.5
"2001-05-15",5600.2
"2001-05-16",5700.2
"2001-05-17",5706.5
"2001-05-18",5678.3
"2001-05-19",5743.3
"2001-05-20",5711.6
"2001-05-21",5692.8
"2001-05-22",5633.6
"2001-05-23",5603.5
"2001-05-24",5667.4
"2001-05-25",5707.5
"2001-05-26",5695
"2001-05-27",5698.1
"2001-05-28",5706.5
"2001-05-29",5749.9
"2001-05-30",5766.7
"2001-05-31",5743.2
"2001-06-01",5567.4
"2001-06-02",5604.2
"2001-06-03",5585.2
"2001-06-04",5585.5
"2001-06-05",5543.6
"2001-06-06",5583.5
"2001-06-07",5585.3
"2001-06-08",5550.7
"2001-06-09",5586.2
"2001-06-10",5509.4
"2001-06-11",5536.6
"2001-06-12",5579
"2001-06-13",5544.8
"2001-06-14",5513.4
"2001-06-15",5563.6
"2001-06-16",5508.8
"2001-06-17",5429.8
"2001-06-18",5390.3
"2001-06-19",5488
"2001-06-20",5654
"2001-06-21",5701.6
"2001-06-22",5757.6
"2001-06-23",5805.1
"2001-06-24",5748
"2001-06-25",5803
"2001-06-26",5854.1
"2001-06-27",5841.8
"2001-06-28",5862.1
"2001-06-29",5802
"2001-06-30",5881.9
"2001-07-01",5853.3
"2001-07-02",5891.7
"2001-07-03",5884.2
"2001-07-04",5873.7
"2001-07-05",5777.4
"2001-07-06",5882.2
"2001-07-07",5858.5
"2001-07-08",5838.7
"2001-07-09",5836.5
"2001-07-10",5892.4
"2001-07-11",5852.3
"2001-07-12",5862.3
"2001-07-13",5757
"2001-07-14",5793.7
"2001-07-15",5757.5
"2001-07-16",5751.1
"2001-07-17",5820.3
"2001-07-18",5829.6
"2001-07-19",5849.7
"2001-07-20",5967.8
"2001-07-21",6033.4
"2001-07-22",6007
"2001-07-23",6003.2
"2001-07-24",5940.6
"2001-07-25",5981.9
"2001-07-26",6022
"2001-07-27",5970.8
"2001-07-28",5922
"2001-07-29",6003.2
"2001-07-30",5979.7
"2001-07-31",6050.2
"2001-08-01",5984
"2001-08-02",5973.6
"2001-08-03",5955.4
"2001-08-04",5977.6
"2001-08-05",5947.7
"2001-08-06",5965.8
"2001-08-07",5954.4
"2001-08-08",5912.6
"2001-08-09",5937.3
"2001-08-10",5900.1
"2001-08-11",5908
"2001-08-12",5867.2
"2001-08-13",5885.2
"2001-08-14",5871.3
"2001-08-15",5922.6
"2001-08-16",5888.7
"2001-08-17",5974.4
"2001-08-18",5954.1
"2001-08-19",5958.6
"2001-08-20",5998.6
"2001-08-21",6064.8
"2001-08-22",6113.4
"2001-08-23",6056
"2001-08-24",6057.4
"2001-08-25",6023.6
"2001-08-26",6084.5
"2001-08-27",6080
"2001-08-28",6100.8
"2001-08-29",6214
"2001-08-30",6190.4
"2001-08-31",6170.7
"2001-09-01",6138.4
"2001-09-02",6219.3
"2001-09-03",6179.1
"2001-09-04",6130.7
"2001-09-05",6124.4
"2001-09-06",6113.3
"2001-09-07",6133.9
"2001-09-08",6193.1
"2001-09-09",6271.4
"2001-09-10",6269.4
"2001-09-11",6208.9
"2001-09-12",6157.6
"2001-09-13",6210.1
"2001-09-14",6158.5
"2001-09-15",6100.9
"2001-09-16",6086.6
"2001-09-17",6102.8
"2001-09-18",6096.7
"2001-09-19",6171.8
"2001-09-20",6173.1
"2001-09-21",6254.7
"2001-09-22",6241.1
"2001-09-23",6238.6
"2001-09-24",6214.9
"2001-09-25",6266.8
"2001-09-26",6210.2
"2001-09-27",6233.8
"2001-09-28",6258.4
"2001-09-29",6284.8
"2001-09-30",6262
"2001-10-01",6222.9
"2001-10-02",6244.8
"2001-10-03",6244.4
"2001-10-04",6151.3
"2001-10-05",6108.2
"2001-10-06",6095.9
"2001-10-07",6151
"2001-10-08",6230.9
"2001-10-09",6305.4
"2001-10-10",6305.3
"2001-10-11",6315.6
"2001-10-12",6413
"2001-10-13",6419.7
"2001-10-14",6444.8
"2001-10-15",6460.7
"2001-10-16",6417.4
"2001-10-17",6345.7
"2001-10-18",6290.4
"2001-10-19",6328.8
"2001-10-20",6335.9
"2001-10-21",6327.7
"2001-10-22",6298.6
"2001-10-23",6228.9
"2001-10-24",6220.3
"2001-10-25",6225.6
"2001-10-26",6236
"2001-10-27",6357.9
"2001-10-28",6353.6
"2001-10-29",6362.8
"2001-10-30",6375.9
"2001-10-31",6479.8
"2001-11-01",6456.3
"2001-11-02",6459.8
"2001-11-03",6519.9
"2001-11-04",6461.6
"2001-11-05",6417.2
"2001-11-06",6433.9
"2001-11-07",6403.9
"2001-11-08",6482.9
"2001-11-09",6522.5
"2001-11-10",6526.3
"2001-11-11",6606.5
"2001-11-12",6611.6
"2001-11-13",6647.7
"2001-11-14",6700.4
"2001-11-15",6698.4
"2001-11-16",6672
"2001-11-17",6581.2
"2001-11-18",6585.9
"2001-11-19",6646.8
"2001-11-20",6584.6
"2001-11-21",6626.2
"2001-11-22",6569.3
"2001-11-23",6575.8
"2001-11-24",6597.3
"2001-11-25",6573.2
"2001-11-26",6547.4
"2001-11-27",6536.4
"2001-11-28",6549.4
"2001-11-29",6509.3
"2001-11-30",6652.8
"2001-12-01",6665.8
"2001-12-02",6695.9
"2001-12-03",6679.7
"2001-12-04",6793.4
"2001-12-05",6787.2
"2001-12-06",6864.7
"2001-12-07",6899.5
"2001-12-08",6830
"2001-12-09",6906.1
"2001-12-10",6931.8
"2001-12-11",6873.4
"2001-12-12",6935.9
"2001-12-13",6947.7
"2001-12-14",6927.8
"2001-12-15",6989.2
"2001-12-16",6951.8
"2001-12-17",6991.4
"2001-12-18",7019.3
"2001-12-19",6949.3
"2001-12-20",6996.2
"2001-12-21",6956.4
"2001-12-22",6996.6
"2001-12-23",7050
"2001-12-24",7104.3
"2001-12-25",7081.4
"2001-12-26",7139.8
"2001-12-27",7047.2
"2001-12-28",7076.9
"2001-12-29",7127.4
"2001-12-30",7145.7
"2001-12-31",7277.7
"2002-01-01",7256.2
"2002-01-02",7205.1
"2002-01-03",7162
"2002-01-04",7173.7
"2002-01-05",7151.7
"2002-01-06",7147.2
"2002-01-07",7131.6
"2002-01-08",6950.8
"2002-01-09",6991.4
"2002-01-10",6938
"2002-01-11",6986.9
"2002-01-12",7092.2
"2002-01-13",7069.2
"2002-01-14",7080.4
"2002-01-15",6973.3
"2002-01-16",6957.4
"2002-01-17",6988.9
"2002-01-18",7025.6
"2002-01-19",6989.3
"2002-01-20",7005.1
"2002-01-21",7028
"2002-01-22",7073.9
"2002-01-23",7091.2
"2002-01-24",7135.5
"2002-01-25",7147.5
"2002-01-26",7143.3
"2002-01-27",7137.9
"2002-01-28",7222.3
"2002-01-29",7262.6
"2002-01-30",7195.3
"2002-01-31",7224.4
"2002-02-01",7211.7
"2002-02-02",7288
"2002-02-03",7292.9
"2002-02-04",7352.4
"2002-02-05",7315.9
"2002-02-06",7377.7
"2002-02-07",7418
"2002-02-08",7348.8
"2002-02-09",7369.2
"2002-02-10",7380.6
"2002-02-11",7362
"2002-02-12",7346.1
"2002-02-13",7401.3
"2002-02-14",7408.5
"2002-02-15",7466.3
"2002-02-16",7430.2
"2002-02-17",7308
"2002-02-18",7183.8
"2002-02-19",7155.2
"2002-02-20",7131.1
"2002-02-21",7103.7
"2002-02-22",7103.1
"2002-02-23",7069.5
"2002-02-24",7076.2
"2002-02-25",7047.9
"2002-02-26",6986.3
"2002-02-27",7086.2
"2002-02-28",7010.1
"2002-03-01",7102.5
"2002-03-02",7154.8
"2002-03-03",7184.7
"2002-03-04",7191.9
"2002-03-05",7234
"2002-03-06",7204.2
"2002-03-07",7159.6
"2002-03-08",7104.8
"2002-03-09",7217.7
"2002-03-10",7233.5
"2002-03-11",7247.8
"2002-03-12",7246.1
"2002-03-13",7219.3
"2002-03-14",7227
"2002-03-15",7286.6
"2002-03-16",7276.7
"2002-03-17",7231.7
"2002-03-18",7268.4
"2002-03-19",7235.5
"2002-03-20",7317.3
"2002-03-21",7275.2
"2002-03-22",7278.1
"2002-03-23",7318.9
"2002-03-24",7282.1
"2002-03-25",7204.3
"2002-03-26",7194.2
"2002-03-27",7135.9
"2002-03-28",7098.1
"2002-03-29",7065.9
"2002-03-30",7029.4
"2002-03-31",7054.4
"2002-04-01",7056.6
"2002-04-02",7041.5
"2002-04-03",7021.1
"2002-04-04",6989.4
"2002-04-05",6962.6
"2002-04-06",6924.3
"2002-04-07",6938.9
"2002-04-08",6884.1
"2002-04-09",6823.5
"2002-04-10",6763.9
"2002-04-11",6817.4
"2002-04-12",6841.8
"2002-04-13",6808.8
"2002-04-14",6780.7
"2002-04-15",6837.7
"2002-04-16",6881.8
"2002-04-17",6798.5
"2002-04-18",6760.2
"2002-04-19",6728.8
"2002-04-20",6662.5
"2002-04-21",6666.5
"2002-04-22",6751.6
"2002-04-23",6775
"2002-04-24",6761.4
"2002-04-25",6636.7
"2002-04-26",6674.9
"2002-04-27",6693.9
"2002-04-28",6719.6
"2002-04-29",6689.1
"2002-04-30",6721.8
"2002-05-01",6796.9
"2002-05-02",6799.4
"2002-05-03",6807.4
"2002-05-04",6853.4
"2002-05-05",6901.9
"2002-05-06",6891.8
"2002-05-07",6892.3
"2002-05-08",6892.7
"2002-05-09",6883.7
"2002-05-10",6867.4
"2002-05-11",6873.6
"2002-05-12",6880.4
"2002-05-13",6831.9
"2002-05-14",6872.6
"2002-05-15",6943.1
"2002-05-16",6914.6
"2002-05-17",6865.9
"2002-05-18",6838.3
"2002-05-19",6886.9
"2002-05-20",6752
"2002-05-21",6727.8
"2002-05-22",6635.1
"2002-05-23",6626.4
"2002-05-24",6567.8
"2002-05-25",6532.6
"2002-05-26",6543.7
"2002-05-27",6574
"2002-05-28",6559.5
"2002-05-29",6621.2
"2002-05-30",6671
"2002-05-31",6593.2
"2002-06-01",6601.4
"2002-06-02",6548.3
"2002-06-03",6502.8
"2002-06-04",6524.4
"2002-06-05",6465
"2002-06-06",6449.5
"2002-06-07",6441.3
"2002-06-08",6459.1
"2002-06-09",6482.9
"2002-06-10",6513.5
"2002-06-11",6433.8
"2002-06-12",6446.2
"2002-06-13",6377.8
"2002-06-14",6264.7
"2002-06-15",6352.2
"2002-06-16",6388.8
"2002-06-17",6414.9
"2002-06-18",6350.1
"2002-06-19",6386.2
"2002-06-20",6438
"2002-06-21",6426.6
"2002-06-22",6536.5
"2002-06-23",6527.5
"2002-06-24",6504.5
"2002-06-25",6514.4
"2002-06-26",6494.7
"2002-06-27",6545.9
"2002-06-28",6604.5
"2002-06-29",6654.8
"2002-06-30",6603.9
"2002-07-01",6692.9
"2002-07-02",6766.9
"2002-07-03",6663.3
"2002-07-04",6582.9
"2002-07-05",6565.6
"2002-07-06",6559.2
"2002-07-07",6589.1
"2002-07-08",6650.4
"2002-07-09",6633
"2002-07-10",6662.5
"2002-07-11",6790.3
"2002-07-12",6790.6
"2002-07-13",6794.3
"2002-07-14",6820.3
"2002-07-15",6842.9
"2002-07-16",6943.5
"2002-07-17",6987
"2002-07-18",7052.4
"2002-07-19",7150.5
"2002-07-20",7135.1
"2002-07-21",7180.4
"2002-07-22",7102.1
"2002-07-23",7128.7
"2002-07-24",7167.1
"2002-07-25",7262.1
"2002-07-26",7221.4
"2002-07-27",7154.3
"2002-07-28",7187.9
"2002-07-29",7134.4
"2002-07-30",7127.4
"2002-07-31",7107.7
"2002-08-01",7099
"2002-08-02",7121.9
"2002-08-03",7083.9
"2002-08-04",7126.4
"2002-08-05",7128.4
"2002-08-06",7138.9
"2002-08-07",7110.9
"2002-08-08",7023.3
"2002-08-09",6999.4
"2002-08-10",7138.2
"2002-08-11",7198.5
"2002-08-12",7226
"2002-08-13",7190
"2002-08-14",7064.8
"2002-08-15",7069.1
"2002-08-16",7140.4
"2002-08-17",7159.3
"2002-08-18",7208.7
"2002-08-19",7242.8
"2002-08-20",7291.8
"2002-08-21",7284.2
"2002-08-22",7337.5
"2002-08-23",7318.4
"2002-08-24",7464.1
"2002-08-25",7491.6
"2002-08-26",7415.5
"2002-08-27",7357.4
"2002-08-28",7353.6
"2002-08-29",7345.9
"2002-08-30",7365
"2002-08-31",7376
"2002-09-01",7389.3
"2002-09-02",7338.9
"2002-09-03",7352.8
"2002-09-04",7236.8
"2002-09-05",7386.6
"2002-09-06",7407.5
"2002-09-07",7471.9
"2002-09-08",7429.9
"2002-09-09",7511.8
"2002-09-10",7478.9
"2002-09-11",7506.1
"2002-09-12",7500.4
"2002-09-13",7477.8
"2002-09-14",7374.9
"2002-09-15",7282.4
"2002-09-16",7271
"2002-09-17",7267.2
"2002-09-18",7262.2
"2002-09-19",7250.8
"2002-09-20",7222.9
"2002-09-21",7178.8
"2002-09-22",7186.6
"2002-09-23",7182.7
"2002-09-24",7145.3
"2002-09-25",7172.7
"2002-09-26",7158.4
"2002-09-27",7186
"2002-09-28",7083
"2002-09-29",7195.8
"2002-09-30",7173.7
"2002-10-01",7168.4
"2002-10-02",7205.2
"2002-10-03",7226.7
"2002-10-04",7273.9
"2002-10-05",7329.6
"2002-10-06",7336.6
"2002-10-07",7394.1
"2002-10-08",7411.8
"2002-10-09",7408.3
"2002-10-10",7338.7
"2002-10-11",7278.1
"2002-10-12",7207
"2002-10-13",7191
"2002-10-14",7147.6
"2002-10-15",7228.2
"2002-10-16",7167.9
"2002-10-17",7228.5
"2002-10-18",7195.5
"2002-10-19",7225
"2002-10-20",7204
"2002-10-21",7274.7
"2002-10-22",7273.3
"2002-10-23",7285
"2002-10-24",7304.8
"2002-10-25",7305.8
"2002-10-26",7283.9
"2002-10-27",7264.8
"2002-10-28",7223.3
"2002-10-29",7305.2
"2002-10-30",7281.5
"2002-10-31",7323.2
"2002-11-01",7395.9
"2002-11-02",7398.9
"2002-11-03",7453.8
"2002-11-04",7497.3
"2002-11-05",7522.3
"2002-11-06",7511.8
"2002-11-07",7497.6
"2002-11-08",7479.6
"2002-11-09",7516.2
"2002-11-10",7453
"2002-11-11",7423.1
"2002-11-12",7452.7
"2002-11-13",7466.8
"2002-11-14",7424.3
"2002-11-15",7424.1
"2002-11-16",7482.4
"2002-11-17",7510.4
"2002-11-18",7522.6
"2002-11-19",7480.8
"2002-11-20",7476.1
"2002-11-21",7467.5
"2002-11-22",7375.9
"2002-11-23",7380.8
"2002-11-24",7396.5
"2002-11-25",7396.6
"2002-11-26",7401.7
"2002-11-27",7425.1
"2002-11-28",7354.7
"2002-11-29",7273.7
"2002-11-30",7230.7
"2002-12-01",7297.6
"2002-12-02",7277.2
"2002-12-03",7224.1
"2002-12-04",7323.9
"2002-12-05",7332.5
"2002-12-06",7279.9
"2002-12-07",7196.2
"2002-12-08",7204.3
"2002-12-09",7291.1
"2002-12-10",7233
"2002-12-11",7266.3
"2002-12-12",7338.3
"2002-12-13",7384.9
"2002-12-14",7345.2
"2002-12-15",7353.3
"2002-12-16",7386.9
"2002-12-17",7384.4
"2002-12-18",7403.7
"2002-12-19",7366.1
"2002-12-20",7425.4
"2002-12-21",7493.7
"2002-12-22",7515.5
"2002-12-23",7468.3
"2002-12-24",7397.2
"2002-12-25",7473.2
"2002-12-26",7472
"2002-12-27",7405
"2002-12-28",7337.6
"2002-12-29",7321.8
"2002-12-30",7327.6
"2002-12-31",7364.9
"2003-01-01",7318.5
"2003-01-02",7284
"2003-01-03",7311.1
"2003-01-04",7268.5
"2003-01-05",7339.1
"2003-01-06",7423.2
"2003-01-07",7376.8
"2003-01-08",7357.2
"2003-01-09",7324.7
"2003-01-10",7253.4
"2003-01-11",7264.7
"2003-01-12",7294
"2003-01-13",7276.4
"2003-01-14",7209.8
"2003-01-15",7270.7
"2003-01-16",7293.3
"2003-01-17",7328.2
"2003-01-18",7401.1
"2003-01-19",7401.8
"2003-01-20",7337.5
"2003-01-21",7392.4
"2003-01-22",7447.1
"2003-01-23",7338.9
"2003-01-24",7329.7
"2003-01-25",7380.9
"2003-01-26",7355
"2003-01-27",7246.9
"2003-01-28",7230.9
"2003-01-29",7139.7
"2003-01-30",7167.3
"2003-01-31",7162.5
"2003-02-01",7197.8
"2003-02-02",7230.8
"2003-02-03",7219.4
"2003-02-04",7230.9
"2003-02-05",7243.8
"2003-02-06",7248.2
"2003-02-07",7292.3
"2003-02-08",7277.9
"2003-02-09",7179
"2003-02-10",7121.2
"2003-02-11",7080.6
"2003-02-12",7091.5
"2003-02-13",7001.7
"2003-02-14",7020.3
"2003-02-15",7123.9
"2003-02-16",7135.4
"2003-02-17",7037
"2003-02-18",7053.7
"2003-02-19",7047.7
"2003-02-20",7109.6
"2003-02-21",7157.9
"2003-02-22",7100.5
"2003-02-23",7031.9
"2003-02-24",6984.5
"2003-02-25",7089.6
"2003-02-26",7185.8
"2003-02-27",7132.4
"2003-02-28",7250.6
"2003-03-01",7275
"2003-03-02",7267.4
"2003-03-03",7317.3
"2003-03-04",7257.1
"2003-03-05",7269
"2003-03-06",7354.9
"2003-03-07",7371.5
"2003-03-08",7392.5
"2003-03-09",7356.6
"2003-03-10",7359.5
"2003-03-11",7377.7
"2003-03-12",7411.8
"2003-03-13",7438
"2003-03-14",7396.8
"2003-03-15",7419.3
"2003-03-16",7391.3
"2003-03-17",7361.4
"2003-03-18",7373
"2003-03-19",7323.6
"2003-03-20",7387.2
"2003-03-21",7397.8
"2003-03-22",7353.4
"2003-03-23",7362.4
"2003-03-24",7341
"2003-03-25",7311.5
"2003-03-26",7335.8
"2003-03-27",7340.9
"2003-03-28",7411.2
"2003-03-29",7478.6
"2003-03-30",7533.5
"2003-03-31",7543.3
"2003-04-01",7584.2
"2003-04-02",7585.8
"2003-04-03",7552.8
"2003-04-04",7607.8
"2003-04-05",7591.6
"2003-04-06",7618.7
"2003-04-07",7593.7
"2003-04-08",7584
"2003-04-09",7506.5
"2003-04-10",7566.1
"2003-04-11",7556.4
"2003-04-12",7673.1
"2003-04-13",7752.9
"2003-04-14",7821.5
"2003-04-15",7775.2
"2003-04-16",7781
"2003-04-17",7769.6
"2003-04-18",7780.8
"2003-04-19",7688
"2003-04-20",7712
"2003-04-21",7686.2
"2003-04-22",7562.2
"2003-04-23",7551.6
"2003-04-24",7593.4
"2003-04-25",7593.6
"2003-04-26",7642.8
"2003-04-27",7739.4
"2003-04-28",7667.4
"2003-04-29",7615.2
"2003-04-30",7642.1
"2003-05-01",7638.5
"2003-05-02",7602.5
"2003-05-03",7614.8
"2003-05-04",7599.8
"2003-05-05",7570.7
"2003-05-06",7595
"2003-05-07",7634.6
"2003-05-08",7608.8
"2003-05-09",7651
"2003-05-10",7704.6
"2003-05-11",7739.8
"2003-05-12",7674.9
"2003-05-13",7633.7
"2003-05-14",7736.2
"2003-05-15",7815.6
"2003-05-16",7768.4
"2003-05-17",7745
"2003-05-18",7649.2
"2003-05-19",7641.5
"2003-05-20",7603.2
"2003-05-21",7622.1
"2003-05-22",7651.6
"2003-05-23",7694.3
"2003-05-24",7744.3
"2003-05-25",7822.5
"2003-05-26",7850.6
"2003-05-27",7857.1
"2003-05-28",7874.1
"2003-05-29",7859.4
"2003-05-30",7866.1
"2003-05-31",7932.1
"2003-06-01",7967.9
"2003-06-02",7931.3
"2003-06-03",7965.6
"2003-06-04",7908
"2003-06-05",7951
"2003-06-06",7947.4
"2003-06-07",7925.7
"2003-06-08",7952.3
"2003-06-09",7893.4
"2003-06-10",7895.7
"2003-06-11",7960.8
"2003-06-12",7939.1
"2003-06-13",7940.9
"2003-06-14",7881.2
"2003-06-15",7812
"2003-06-16",7781.2
"2003-06-17",7672.3
"2003-06-18",7673.7
"2003-06-19",7713.9
"2003-06-20",7679.1
"2003-06-21",7706.1
"2003-06-22",7722.5
"2003-06-23",7785.7
"2003-06-24",7825.4
"2003-06-25",7812.8
"2003-06-26",7780.6
"2003-06-27",7807.9
"2003-06-28",7805.9
"2003-06-29",7732.3
"2003-06-30",7686
"2003-07-01",7676.2
"2003-07-02",7630
"2003-07-03",7633.5
"2003-07-04",7673
"2003-07-05",7745.9
"2003-07-06",7671.8
"2003-07-07",7640.8
"2003-07-08",7584.3
"2003-07-09",7533.2
"2003-07-10",7530.6
"2003-07-11",7467.8
"2003-07-12",7427.4
"2003-07-13",7403.5
"2003-07-14",7348.1
"2003-07-15",7281.3
"2003-07-16",7383.5
"2003-07-17",7352.2
"2003-07-18",7295.9
"2003-07-19",7366
"2003-07-20",7235.1
"2003-07-21",7233.5
"2003-07-22",7285.5
"2003-07-23",7322.7
"2003-07-24",7269.4
"2003-07-25",7205.6
"2003-07-26",7161.8
"2003-07-27",7120.7
"2003-07-28",7054.8
"2003-07-29",6966.6
"2003-07-30",6924.7
"2003-07-31",6969.2
"2003-08-01",7053.1
"2003-08-02",7162.5
"2003-08-03",7114.7
"2003-08-04",7128.3
"2003-08-05",7103.4
"2003-08-06",7185.5
"2003-08-07",7190.2
"2003-08-08",7223.1
"2003-08-09",7185.9
"2003-08-10",7156.9
"2003-08-11",7208.5
"2003-08-12",7337.8
"2003-08-13",7327
"2003-08-14",7257.3
"2003-08-15",7370.5
"2003-08-16",7383.6
"2003-08-17",7484.9
"2003-08-18",7517
"2003-08-19",7432.5
"2003-08-20",7361.5
"2003-08-21",7227.7
"2003-08-22",7259.6
"2003-08-23",7225.4
"2003-08-24",7329.9
"2003-08-25",7378.2
"2003-08-26",7403.6
"2003-08-27",7515.6
"2003-08-28",7569.4
"2003-08-29",7510.8
"2003-08-30",7552.9
"2003-08-31",7628.6
"2003-09-01",7595.7
"2003-09-02",7538.2
"2003-09-03",7620.2
"2003-09-04",7635.4
"2003-09-05",7680.3
"2003-09-06",7559
"2003-09-07",7614.8
"2003-09-08",7582.8
"2003-09-09",7626.8
"2003-09-10",7595.8
"2003-09-11",7637.8
"2003-09-12",7672.5
"2003-09-13",7713.9
"2003-09-14",7735.2
"2003-09-15",7813.7
"2003-09-16",7744.4
"2003-09-17",7736.5
"2003-09-18",7694.3
"2003-09-19",7667.7
"2003-09-20",7624.1
"2003-09-21",7678.5
"2003-09-22",7679.6
"2003-09-23",7751
"2003-09-24",7722.7
"2003-09-25",7753
"2003-09-26",7803.9
"2003-09-27",7701.4
"2003-09-28",7680.5
"2003-09-29",7768.2
"2003-09-30",7792.2
"2003-10-01",7853
"2003-10-02",7831.4
"2003-10-03",7851.1
"2003-10-04",7872.5
"2003-10-05",7845
"2003-10-06",7918.6
"2003-10-07",7947.2
"2003-10-08",7888.4
"2003-10-09",7874.7
"2003-10-10",7804.9
"2003-10-11",7795.8
"2003-10-12",7836
"2003-10-13",7819.9
"2003-10-14",7832
"2003-10-15",7834.2
"2003-10-16",7851.8
"2003-10-17",7942.2
"2003-10-18",7993.2
"2003-10-19",7941.4
"2003-10-20",7935.7
"2003-10-21",7993.2
"2003-10-22",8033.1
"2003-10-23",8031.8
"2003-10-24",8065.9
"2003-10-25",8084.8
"2003-10-26",8060.8
"2003-10-27",8061
"2003-10-28",8032.6
"2003-10-29",8008.5
"2003-10-30",8069.4
"2003-10-31",8053.4
"2003-11-01",8107
"2003-11-02",8139.4
"2003-11-03",8092
"2003-11-04",8111.3
"2003-11-05",8083.9
"2003-11-06",8153.7
"2003-11-07",8152.5
"2003-11-08",8119.6
"2003-11-09",8159.7
"2003-11-10",8186.5
"2003-11-11",8173.3
"2003-11-12",8135.7
"2003-11-13",8185.9
"2003-11-14",8213.6
"2003-11-15",8257.3
"2003-11-16",8320.4
"2003-11-17",8375.7
"2003-11-18",8431.6
"2003-11-19",8396.3
"2003-11-20",8402.6
"2003-11-21",8412.8
"2003-11-22",8347.8
"2003-11-23",8253.8
"2003-11-24",8235.7
"2003-11-25",8362.2
"2003-11-26",8410.9
"2003-11-27",8434.6
"2003-11-28",8446.4
"2003-11-29",8477.2
"2003-11-30",8538.7
"2003-12-01",8595
"2003-12-02",8578.5
"2003-12-03",8555.8
"2003-12-04",8599.1
"2003-12-05",8648.3
"2003-12-06",8675.7
"2003-12-07",8705.3
"2003-12-08",8674.1
"2003-12-09",8644
"2003-12-10",8644.6
"2003-12-11",8675.6
"2003-12-12",8653
"2003-12-13",8699.5
"2003-12-14",8768.5
"2003-12-15",8754.5
"2003-12-16",8781.1
"2003-12-17",8882.9
"2003-12-18",8921
"2003-12-19",8800.2
"2003-12-20",8812.6
"2003-12-21",8861.4
"2003-12-22",8842.8
"2003-12-23",8926.8
"2003-12-24",8918.3
"2003-12-25",8983.6
"2003-12-26",8971.1
"2003-12-27",8965.5
"2003-12-28",8962
"2003-12-29",9018.6
"2003-12-30",9038.3
"2003-12-31",9044.3
"2004-01-01",9033.3
"2004-01-02",8983.5
"2004-01-03",9046
"2004-01-04",9022.6
"2004-01-05",9051.1
"2004-01-06",9138.2
"2004-01-07",9181.1
"2004-01-08",9124.9
"2004-01-09",9144.3
"2004-01-10",9174.7
"2004-01-11",9133.6
"2004-01-12",9047.3
"2004-01-13",9049.8
"2004-01-14",9036
"2004-01-15",9135.4
"2004-01-16",9144.5
"2004-01-17",9155.5
"2004-01-18",9209.8
"2004-01-19",9091.6
"2004-01-20",9109.9
"2004-01-21",9133.1
"2004-01-22",9137.3
"2004-01-23",8980.2
"2004-01-24",8966.6
"2004-01-25",8973.4
"2004-01-26",8934.8
"2004-01-27",8826.4
"2004-01-28",8898.7
"2004-01-29",8895.1
"2004-01-30",8990.2
"2004-01-31",8971.1
"2004-02-01",8989.9
"2004-02-02",8891.1
"2004-02-03",8820.7
"2004-02-04",8929.8
"2004-02-05",8939.7
"2004-02-06",9034.5
"2004-02-07",8971.4
"2004-02-08",8978.5
"2004-02-09",9052.6
"2004-02-10",9069.7
"2004-02-11",9051.2
"2004-02-12",8985.9
"2004-02-13",8988.5
"2004-02-14",9010.5
"2004-02-15",8964.9
"2004-02-16",8721.9
"2004-02-17",8807.7
"2004-02-18",8873.8
"2004-02-19",8839.4
"2004-02-20",8862.9
"2004-02-21",8845.9
"2004-02-22",8759.9
"2004-02-23",8749.6
"2004-02-24",8760.7
"2004-02-25",8805.6
"2004-02-26",8810.5
"2004-02-27",8821.3
"2004-02-28",8769.1
"2004-02-29",8760.9
"2004-03-01",8734.8
"2004-03-02",8729.5
"2004-03-03",8704.9
"2004-03-04",8741.6
"2004-03-05",8678.4
"2004-03-06",8631.9
"2004-03-07",8599.7
"2004-03-08",8619.6
"2004-03-09",8584.5
"2004-03-10",8613.6
"2004-03-11",8594.5
"2004-03-12",8569.4
"2004-03-13",8605.4
"2004-03-14",8567.3
"2004-03-15",8563.2
"2004-03-16",8520.1
"2004-03-17",8459.3
"2004-03-18",8569.3
"2004-03-19",8535.8
"2004-03-20",8463.8
"2004-03-21",8457.3
"2004-03-22",8508.1
"2004-03-23",8494
"2004-03-24",8439.2
"2004-03-25",8402
"2004-03-26",8422.8
"2004-03-27",8443.5
"2004-03-28",8445.5
"2004-03-29",8393.7
"2004-03-30",8389.6
"2004-03-31",8387.8
"2004-04-01",8285.2
"2004-04-02",8204
"2004-04-03",8172.4
"2004-04-04",8185.8
"2004-04-05",8201.2
"2004-04-06",8211.4
"2004-04-07",8269
"2004-04-08",8305
"2004-04-09",8314.7
"2004-04-10",8228.9
"2004-04-11",8228.9
"2004-04-12",8273.1
"2004-04-13",8159.8
"2004-04-14",8188.8
"2004-04-15",8191.8
"2004-04-16",8208.4
"2004-04-17",8136.3
"2004-04-18",8206
"2004-04-19",8187
"2004-04-20",8256.5
"2004-04-21",8265.7
"2004-04-22",8231.6
"2004-04-23",8230.6
"2004-04-24",8204
"2004-04-25",8220.6
"2004-04-26",8247.2
"2004-04-27",8268
"2004-04-28",8225
"2004-04-29",8203.3
"2004-04-30",8149.2
"2004-05-01",8213.9
"2004-05-02",8221.6
"2004-05-03",8219.5
"2004-05-04",8101.1
"2004-05-05",8117.8
"2004-05-06",8109.9
"2004-05-07",8093
"2004-05-08",8144.8
"2004-05-09",8127.5
"2004-05-10",8021.5
"2004-05-11",8013.5
"2004-05-12",8009.3
"2004-05-13",8077.6
"2004-05-14",8145.9
"2004-05-15",8169.6
"2004-05-16",8123.1
"2004-05-17",7986.2
"2004-05-18",8013.5
"2004-05-19",8036.8
"2004-05-20",7996.9
"2004-05-21",7921.6
"2004-05-22",7846.3
"2004-05-23",7818.1
"2004-05-24",7882.4
"2004-05-25",7949.4
"2004-05-26",7948.6
"2004-05-27",8004.5
"2004-05-28",8007.3
"2004-05-29",7968
"2004-05-30",7957.6
"2004-05-31",7972.4
"2004-06-01",8059.6
"2004-06-02",8009
"2004-06-03",7986.8
"2004-06-04",8005.3
"2004-06-05",7947.5
"2004-06-06",7881.6
"2004-06-07",7906.3
"2004-06-08",7910
"2004-06-09",7898.6
"2004-06-10",7904.7
"2004-06-11",7839.2
"2004-06-12",7805.5
"2004-06-13",7955.9
"2004-06-14",7862.1
"2004-06-15",7837.1
"2004-06-16",7836.3
"2004-06-17",7855.4
"2004-06-18",7893
"2004-06-19",7958
"2004-06-20",7909.8
"2004-06-21",7934.4
"2004-06-22",8023.7
"2004-06-23",8018.1
"2004-06-24",7987
"2004-06-25",7850
"2004-06-26",7855.9
"2004-06-27",7863.7
"2004-06-28",7902.9
"2004-06-29",7891.6
"2004-06-30",7831.1
"2004-07-01",7847.2
"2004-07-02",7831.4
"2004-07-03",7815.8
"2004-07-04",7827
"2004-07-05",7707
"2004-07-06",7775.3
"2004-07-07",7702.1
"2004-07-08",7724.7
"2004-07-09",7726.2
"2004-07-10",7785.7
"2004-07-11",7774.5
"2004-07-12",7720.8
"2004-07-13",7698.7
"2004-07-14",7697.1
"2004-07-15",7547.6
"2004-07-16",7500
"2004-07-17",7436.4
"2004-07-18",7431.7
"2004-07-19",7453
"2004-07-20",7477.4
"2004-07-21",7628.2
"2004-07-22",7624.6
"2004-07-23",7734
"2004-07-24",7861.7
"2004-07-25",7790.2
"2004-07-26",7809.7
"2004-07-27",7850.4
"2004-07-28",7792.3
"2004-07-29",7900.1
"2004-07-30",7902.2
"2004-07-31",8005.8
"2004-08-01",8020.6
"2004-08-02",8186
"2004-08-03",8226.5
"2004-08-04",8216.2
"2004-08-05",8290.3
"2004-08-06",8347.7
"2004-08-07",8366.5
"2004-08-08",8342.3
"2004-08-09",8433.2
"2004-08-10",8429.1
"2004-08-11",8433
"2004-08-12",8416.1
"2004-08-13",8323
"2004-08-14",8141.7
"2004-08-15",8106.5
"2004-08-16",8081
"2004-08-17",8126.2
"2004-08-18",8111.1
"2004-08-19",8046.1
"2004-08-20",8086.4
"2004-08-21",8042.4
"2004-08-22",8050.9
"2004-08-23",8168.5
"2004-08-24",8080
"2004-08-25",8016.5
"2004-08-26",7970.3
"2004-08-27",7971
"2004-08-28",7964.4
"2004-08-29",7998.3
"2004-08-30",7997.8
"2004-08-31",7923.7
"2004-09-01",7919.3
"2004-09-02",7801.2
"2004-09-03",7729.8
"2004-09-04",7732.1
"2004-09-05",7662.2
"2004-09-06",7433.3
"2004-09-07",7407
"2004-09-08",7401.7
"2004-09-09",7415.3
"2004-09-10",7323
"2004-09-11",7400.4
"2004-09-12",7336.6
"2004-09-13",7541.7
"2004-09-14",7528.9
"2004-09-15",7480.3
"2004-09-16",7412.1
"2004-09-17",7367
"2004-09-18",7387.9
"2004-09-19",7275.4
"2004-09-20",7316.2
"2004-09-21",7403.7
"2004-09-22",7386.8
"2004-09-23",7431.2
"2004-09-24",7442.6
"2004-09-25",7551.4
"2004-09-26",7443.1
"2004-09-27",7512.4
"2004-09-28",7535.2
"2004-09-29",7493.5
"2004-09-30",7468.9
"2004-10-01",7521.1
"2004-10-02",7407.1
"2004-10-03",7387.1
"2004-10-04",7330
"2004-10-05",7369.3
"2004-10-06",7326.7
"2004-10-07",7326.8
"2004-10-08",7276.7
"2004-10-09",7307.2
"2004-10-10",7356.3
"2004-10-11",7391.7
"2004-10-12",7328.7
"2004-10-13",7274.1
"2004-10-14",7195.7
"2004-10-15",7314.7
"2004-10-16",7451
"2004-10-17",7583.2
"2004-10-18",7568.4
"2004-10-19",7682.5
"2004-10-20",7668.1
"2004-10-21",7667
"2004-10-22",7682.3
"2004-10-23",7082.4
"2004-10-24",7133.2
"2004-10-25",7136.4
"2004-10-26",7059.6
"2004-10-27",7096
"2004-10-28",7137
"2004-10-29",7044.5
"2004-10-30",6996.9
"2004-10-31",7018.6
"2004-11-01",7028.6
"2004-11-02",6944.5
"2004-11-03",6937.9
"2004-11-04",6879.1
"2004-11-05",6920.8
"2004-11-06",6909.7
"2004-11-07",7001.4
"2004-11-08",6958.6
"2004-11-09",7037.2
"2004-11-10",7011.5
"2004-11-11",7033.6
"2004-11-12",7013.8
"2004-11-13",6968.2
"2004-11-14",6909.7
"2004-11-15",7028.4
"2004-11-16",7046.8
"2004-11-17",6990.3
"2004-11-18",6969
"2004-11-19",6983.1
"2004-11-20",7047.9
"2004-11-21",6907.7
"2004-11-22",6953.4
"2004-11-23",6984
"2004-11-24",6992.1
"2004-11-25",7052.7
"2004-11-26",7072.5
"2004-11-27",7020.1
"2004-11-28",6960
"2004-11-29",6828.5
"2004-11-30",6832
"2004-12-01",6844.6
"2004-12-02",6848.6
"2004-12-03",6800.2
"2004-12-04",6843.2
"2004-12-05",6905.5
"2004-12-06",6909.4
"2004-12-07",6953.8
"2004-12-08",7047.8
"2004-12-09",7065.3
"2004-12-10",6979
"2004-12-11",6942.2
"2004-12-12",6886.3
"2004-12-13",6847.3
"2004-12-14",6846.9
"2004-12-15",6915.8
"2004-12-16",6891.6
"2004-12-17",6852.8
"2004-12-18",6787.3
"2004-12-19",6731.1
"2004-12-20",6631.9
"2004-12-21",6593.4
"2004-12-22",6579.8
"2004-12-23",6607.8
"2004-12-24",6533.4
"2004-12-25",6420.7
"2004-12-26",6493.4
"2004-12-27",6495.5
"2004-12-28",6384.1
"2004-12-29",6458
"2004-12-30",6429.8
"2004-12-31",6487.7
"2005-01-01",6432.7
"2005-01-02",6359
"2005-01-03",6303.7
"2005-01-04",6296
"2005-01-05",6263.9
"2005-01-06",6288
"2005-01-07",6371.8
"2005-01-08",6343.9
"2005-01-09",6298.1
"2005-01-10",6453.8
"2005-01-11",6528.2
"2005-01-12",6530.1
"2005-01-13",6537.3
"2005-01-14",6512
"2005-01-15",6584.3
"2005-01-16",6679.6
"2005-01-17",6586.7
"2005-01-18",6562.4
"2005-01-19",6642.3
"2005-01-20",6855
"2005-01-21",6936.9
"2005-01-22",6857.3
"2005-01-23",7025.4
"2005-01-24",7127
"2005-01-25",7083.5
"2005-01-26",6977.4
"2005-01-27",6975
"2005-01-28",6996.2
"2005-01-29",6997.5
"2005-01-30",6864.1
"2005-01-31",6839.3
"2005-02-01",6711.8
"2005-02-02",6792.8
"2005-02-03",6775.7
"2005-02-04",6729
"2005-02-05",6715.1
"2005-02-06",6814.7
"2005-02-07",6911.3
"2005-02-08",6978.3
"2005-02-09",6942.4
"2005-02-10",6866.8
"2005-02-11",6799.7
"2005-02-12",6963.9
"2005-02-13",6945.9
"2005-02-14",6906.5
"2005-02-15",6905.1
"2005-02-16",6842.7
"2005-02-17",6819.4
"2005-02-18",6739.3
"2005-02-19",6599.7
"2005-02-20",6597.9
"2005-02-21",6634
"2005-02-22",6435.1
"2005-02-23",6408.6
"2005-02-24",6418.7
"2005-02-25",6469.5
"2005-02-26",6448.4
"2005-02-27",6240.8
"2005-02-28",6370.8
"2005-03-01",6445.9
"2005-03-02",6413.6
"2005-03-03",6363.4
"2005-03-04",6149.8
"2005-03-05",6054.4
"2005-03-06",5943.7
"2005-03-07",5801.4
"2005-03-08",5743.9
"2005-03-09",6021.4
"2005-03-10",6213.2
"2005-03-11",6021.3
"2005-03-12",5912.3
"2005-03-13",6030.9
"2005-03-14",6269.5
"2005-03-15",6236.2
"2005-03-16",6079
"2005-03-17",6050.7
"2005-03-18",5944.4
"2005-03-19",5811.9
"2005-03-20",6136.8
"2005-03-21",5991.2
"2005-03-22",6034
"2005-03-23",6105
"2005-03-24",5937.9
"2005-03-25",5999.9
"2005-03-26",6028.7
"2005-03-27",5918.4
"2005-03-28",5912.6
"2005-03-29",5945.6
"2005-03-30",5816.7
"2005-03-31",5792.9
"2005-04-01",5756.7
"2005-04-02",5776.7
"2005-04-03",5698.5
"2005-04-04",5753.8
"2005-04-05",5694.9
"2005-04-06",5632.5
"2005-04-07",5684.3
"2005-04-08",5796
"2005-04-09",5776.7
"2005-04-10",5836.8
"2005-04-11",5910.7
"2005-04-12",5658.9
"2005-04-13",5704.7
"2005-04-14",5868.1
"2005-04-15",5889.9
"2005-04-16",5932.7
"2005-04-17",5976.6
"2005-04-18",5937.2
"2005-04-19",5918
"2005-04-20",5775.9
"2005-04-21",5771.3
"2005-04-22",5771.8
"2005-04-23",5697.6
"2005-04-24",5706.7
"2005-04-25",5790
"2005-04-26",5777.7
"2005-04-27",5779.3
"2005-04-28",5728.9
"2005-04-29",5733.7
"2005-04-30",5806.1
"2005-05-01",5815.8
"2005-05-02",5859.5
"2005-05-03",5878.6
"2005-05-04",5929.7
"2005-05-05",5839.3
"2005-05-06",5806.5
"2005-05-07",5863.4
"2005-05-08",5765.8
"2005-05-09",5748.9
"2005-05-10",5871
"2005-05-11",5804.7
"2005-05-12",5785.9
"2005-05-13",5771.9
"2005-05-14",5793.6
"2005-05-15",5782.5
"2005-05-16",5739.5
"2005-05-17",5704.7
"2005-05-18",5492.3
"2005-05-19",5513
"2005-05-20",5627.9
"2005-05-21",5633.6
"2005-05-22",5639.1
"2005-05-23",5443.3
"2005-05-24",5408.2
"2005-05-25",5462.7
"2005-05-26",5430.5
"2005-05-27",5449.3
"2005-05-28",5483.2
"2005-05-29",5458.6
"2005-05-30",5429.4
"2005-05-31",5414.6
"2005-06-01",5382.8
"2005-06-02",5326.8
"2005-06-03",5297.2
"2005-06-04",5256.5
"2005-06-05",5255.2
"2005-06-06",5133.2
"2005-06-07",5046.2
"2005-06-08",5041.8
"2005-06-09",5112.1
"2005-06-10",5056
"2005-06-11",5144.8
"2005-06-12",5038.3
"2005-06-13",4966.1
"2005-06-14",4984
"2005-06-15",4965.1
"2005-06-16",4936.3
"2005-06-17",4929.6
"2005-06-18",4997
"2005-06-19",5064.2
"2005-06-20",5074.5
"2005-06-21",5159.2
"2005-06-22",5234.8
"2005-06-23",5276.2
"2005-06-24",5191.1
"2005-06-25",5177.8
"2005-06-26",5133.3
"2005-06-27",5201.5
"2005-06-28",5273.9
"2005-06-29",5302.1
"2005-06-30",5344.5
"2005-07-01",5313.4
"2005-07-02",5247.5
"2005-07-03",5228
"2005-07-04",5317.7
"2005-07-05",5414.9
"2005-07-06",5395
"2005-07-07",5414
"2005-07-08",5346.3
"2005-07-09",5345.4
"2005-07-10",5359.4
"2005-07-11",5320.3
"2005-07-12",5250.8
"2005-07-13",5277.3
"2005-07-14",5376.1
"2005-07-15",5447.8
"2005-07-16",5454.6
"2005-07-17",5464.4
"2005-07-18",5469.9
"2005-07-19",5437
"2005-07-20",5455.5
"2005-07-21",5495.1
"2005-07-22",5446.4
"2005-07-23",5415.7
"2005-07-24",5366.2
"2005-07-25",5343.5
"2005-07-26",5409.9
"2005-07-27",5372.8
"2005-07-28",5401.2
"2005-07-29",5473.1
"2005-07-30",5429.7
"2005-07-31",5467.3
"2005-08-01",5474.6
"2005-08-02",5484.2
"2005-08-03",5438.2
"2005-08-04",5534.1
"2005-08-05",5505.1
"2005-08-06",5512.6
"2005-08-07",5499.2
"2005-08-08",5428.2
"2005-08-09",5344.3
"2005-08-10",5397.5
"2005-08-11",5371.5
"2005-08-12",5323.4
"2005-08-13",5271.4
"2005-08-14",5400.8
"2005-08-15",5396.5
"2005-08-16",5504.5
"2005-08-17",5402.5
"2005-08-18",5472.5
"2005-08-19",5442.4
"2005-08-20",5392.9
"2005-08-21",5417.2
"2005-08-22",5398.8
"2005-08-23",5477.4
"2005-08-24",5444.3
"2005-08-25",5399
"2005-08-26",5382.7
"2005-08-27",5415.7
"2005-08-28",5445.9
"2005-08-29",5494.1
"2005-08-30",5445.8
"2005-08-31",5526.6
"2005-09-01",5553.9
"2005-09-02",5567.9
"2005-09-03",5632.8
"2005-09-04",5610.6
"2005-09-05",5624
"2005-09-06",5577
"2005-09-07",5607
"2005-09-08",5594.2
"2005-09-09",5577
"2005-09-10",5540.7
"2005-09-11",5525
"2005-09-12",5506.2
"2005-09-13",5466
"2005-09-14",5471.2
"2005-09-15",5532.3
"2005-09-16",5541.9
"2005-09-17",5531.5
"2005-09-18",5563.6
"2005-09-19",5548.6
"2005-09-20",5572
"2005-09-21",5616.7
"2005-09-22",5581.2
"2005-09-23",5581.2
"2005-09-24",5652.8
"2005-09-25",5679
"2005-09-26",5676.2
"2005-09-27",5654
"2005-09-28",5693.5
"2005-09-29",5627.4
"2005-09-30",5620.6
"2005-10-01",5659.3
"2005-10-02",5682.8
"2005-10-03",5747.9
"2005-10-04",5698.9
"2005-10-05",5721.1
"2005-10-06",5791.8
"2005-10-07",5720.2
"2005-10-08",5728.3
"2005-10-09",5702.6
"2005-10-10",5709.5
"2005-10-11",5729.1
"2005-10-12",5721.2
"2005-10-13",5781.5
"2005-10-14",5837.7
"2005-10-15",5766.8
"2005-10-16",5823.3
"2005-10-17",5838.7
"2005-10-18",5821.7
"2005-10-19",5815
"2005-10-20",5784.3
"2005-10-21",5748.2
"2005-10-22",5825.5
"2005-10-23",5843.1
"2005-10-24",5901.7
"2005-10-25",5922
"2005-10-26",5924.5
"2005-10-27",5825.6
"2005-10-28",5854.2
"2005-10-29",5878.6
"2005-10-30",5929.8
"2005-10-31",5955.5
"2005-11-01",5940.5
"2005-11-02",5981.1
"2005-11-03",6026.5
"2005-11-04",6012.4
"2005-11-05",6000.7
"2005-11-06",5996.2
"2005-11-07",5941.3
"2005-11-08",5912.8
"2005-11-09",5835.7
"2005-11-10",5796.4
"2005-11-11",5823.1
"2005-11-12",5825.4
"2005-11-13",5883.3
"2005-11-14",5831.7
"2005-11-15",5806.9
"2005-11-16",5764.9
"2005-11-17",5778.6
"2005-11-18",5872.7
"2005-11-19",5896.9
"2005-11-20",5904.8
"2005-11-21",6012.7
"2005-11-22",5956.5
"2005-11-23",5973
"2005-11-24",5953.9
"2005-11-25",6007.3
"2005-11-26",5959.2
"2005-11-27",5974.2
"2005-11-28",5992
"2005-11-29",6021.7
"2005-11-30",5998.8
"2005-12-01",5903.5
"2005-12-02",5926.5
"2005-12-03",6026.5
"2005-12-04",6119
"2005-12-05",6097
"2005-12-06",6069.2
"2005-12-07",6056
"2005-12-08",6074.1
"2005-12-09",6094.3
"2005-12-10",6145.1
"2005-12-11",6127.2
"2005-12-12",6145.1
"2005-12-13",6114.6
"2005-12-14",6110
"2005-12-15",6112.5
"2005-12-16",6114.2
"2005-12-17",6091.4
"2005-12-18",6064.2
"2005-12-19",6014
"2005-12-20",6079.7
"2005-12-21",6124
"2005-12-22",6164.7
"2005-12-23",6181.5
"2005-12-24",6133
"2005-12-25",6151.8
"2005-12-26",6084.4
"2005-12-27",6073.5
"2005-12-28",6153.2
"2005-12-29",6214.6
"2005-12-30",6191.9
"2005-12-31",6215.4
"2006-01-01",6183.6
"2006-01-02",6125.4
"2006-01-03",6149
"2006-01-04",6141.5
"2006-01-05",6120.4
"2006-01-06",6142.4
"2006-01-07",6110.8
"2006-01-08",6122.9
"2006-01-09",6159.9
"2006-01-10",6120.5
"2006-01-11",6137.7
"2006-01-12",6126.8
"2006-01-13",6082.5
"2006-01-14",6106
"2006-01-15",6086.3
"2006-01-16",6144.7
"2006-01-17",6197.2
"2006-01-18",6191.6
"2006-01-19",6174.7
"2006-01-20",6183.4
"2006-01-21",6249.4
"2006-01-22",6230.4
"2006-01-23",6205.1
"2006-01-24",6200.9
"2006-01-25",6217.6
"2006-01-26",6234
"2006-01-27",6249.1
"2006-01-28",6251.2
"2006-01-29",6231.4
"2006-01-30",6213.7
"2006-01-31",6297.1
"2006-02-01",6303.4
"2006-02-02",6234.8
"2006-02-03",6139.7
"2006-02-04",6163.6
"2006-02-05",6142.4
"2006-02-06",6129.3
"2006-02-07",6126
"2006-02-08",6145.8
"2006-02-09",6120.9
"2006-02-10",6195.6
"2006-02-11",6246.3
"2006-02-12",6165.3
"2006-02-13",6224.7
"2006-02-14",6278
"2006-02-15",6278.2
"2006-02-16",6276.1
"2006-02-17",6249.1
"2006-02-18",6234.4
"2006-02-19",6251.7
"2006-02-20",6254.4
"2006-02-21",6251.1
"2006-02-22",6287.8
"2006-02-23",6298.7
"2006-02-24",6283.5
"2006-02-25",6269.9
"2006-02-26",6285.8
"2006-02-27",6266.6
"2006-02-28",6261.6
"2006-03-01",6257.9
"2006-03-02",6276.5
"2006-03-03",6306.2
"2006-03-04",6321.8
"2006-03-05",6367.6
"2006-03-06",6380.5
"2006-03-07",6382.7
"2006-03-08",6364.1
"2006-03-09",6417.6
"2006-03-10",6389.6
"2006-03-11",6386.9
"2006-03-12",6334.1
"2006-03-13",6335.6
"2006-03-14",6326.1
"2006-03-15",6283.7
"2006-03-16",6275.9
"2006-03-17",6214.4
"2006-03-18",6279.9
"2006-03-19",6315.7
"2006-03-20",6292.7
"2006-03-21",6291.9
"2006-03-22",6311.1
"2006-03-23",6309.9
"2006-03-24",6309.3
"2006-03-25",6250.6
"2006-03-26",6283.9
"2006-03-27",6260.4
"2006-03-28",6275.8
"2006-03-29",6330.4
"2006-03-30",6326.3
"2006-03-31",6215.8
"2006-04-01",6212.8
"2006-04-02",6260.1
"2006-04-03",6239.9
"2006-04-04",6236
"2006-04-05",6212.8
"2006-04-06",6198.6
"2006-04-07",6003.3
"2006-04-08",6133.8
"2006-04-09",6103.8
"2006-04-10",6135
"2006-04-11",6119.3
"2006-04-12",6074.9
"2006-04-13",6034.6
"2006-04-14",6057
"2006-04-15",6034.6
"2006-04-16",6036.9
"2006-04-17",5996.2
"2006-04-18",5989.5
"2006-04-19",5924.2
"2006-04-20",5965.1
"2006-04-21",5952.2
"2006-04-22",5979.4
"2006-04-23",5985.6
"2006-04-24",5919.6
"2006-04-25",5993
"2006-04-26",5992.2
"2006-04-27",5904.6
"2006-04-28",5873.2
"2006-04-29",5884.3
"2006-04-30",5897.4
"2006-05-01",5894.4
"2006-05-02",5979.2
"2006-05-03",5991.1
"2006-05-04",5985.9
"2006-05-05",6035.2
"2006-05-06",5992.8
"2006-05-07",6037.4
"2006-05-08",5983.1
"2006-05-09",6038.1
"2006-05-10",6002
"2006-05-11",5917.9
"2006-05-12",5972.9
"2006-05-13",5960.7
"2006-05-14",5992.5
"2006-05-15",5942.9
"2006-05-16",5960.2
"2006-05-17",5978.3
"2006-05-18",6009
"2006-05-19",6062.1
"2006-05-20",6039.7
"2006-05-21",6063.9
"2006-05-22",6114.6
"2006-05-23",6155.7
"2006-05-24",6202.2
"2006-05-25",6215.9
"2006-05-26",6172
"2006-05-27",6122
"2006-05-28",6124.2
"2006-05-29",6143.7
"2006-05-30",6199.5
"2006-05-31",6236.2
"2006-06-01",6237.1
"2006-06-02",6251.8
"2006-06-03",6180.9
"2006-06-04",6137.4
"2006-06-05",6198
"2006-06-06",6162.3
"2006-06-07",6116.6
"2006-06-08",6111.6
"2006-06-09",6194.8
"2006-06-10",6226.2
"2006-06-11",6216.1
"2006-06-12",6167.2
"2006-06-13",6116.5
"2006-06-14",6104.5
"2006-06-15",6139.2
"2006-06-16",6128.5
"2006-06-17",6131.6
"2006-06-18",6139.8
"2006-06-19",6107.6
"2006-06-20",6131.7
"2006-06-21",6153.6
"2006-06-22",6121.5
"2006-06-23",6125
"2006-06-24",6110.6
"2006-06-25",6145.4
"2006-06-26",6161
"2006-06-27",6202.9
"2006-06-28",6265
"2006-06-29",6240.8
"2006-06-30",6276.6
"2006-07-01",6232.3
"2006-07-02",6241.2
"2006-07-03",6294.6
"2006-07-04",6278.5
"2006-07-05",6298.6
"2006-07-06",6325.4
"2006-07-07",6314
"2006-07-08",6355.1
"2006-07-09",6412.7
"2006-07-10",6400.5
"2006-07-11",6437.9
"2006-07-12",6430.3
"2006-07-13",6471.5
"2006-07-14",6475.5
"2006-07-15",6506.4
"2006-07-16",6521.4
"2006-07-17",6466.4
"2006-07-18",6393.3
"2006-07-19",6393.3
"2006-07-20",6429.3
"2006-07-21",6424.9
"2006-07-22",6479.2
"2006-07-23",6477.3
"2006-07-24",6500.8
"2006-07-25",6477.6
"2006-07-26",6494.8
"2006-07-27",6536
"2006-07-28",6565.4
"2006-07-29",6623.2
"2006-07-30",6647.5
"2006-07-31",6610.5
"2006-08-01",6699.3
"2006-08-02",6674
"2006-08-03",6688.2
"2006-08-04",6674.5
"2006-08-05",6649.2
"2006-08-06",6630.6
"2006-08-07",6616.9
"2006-08-08",6580.1
"2006-08-09",6590.5
"2006-08-10",6588
"2006-08-11",6692.3
"2006-08-12",6678.6
"2006-08-13",6686.3
"2006-08-14",6684.8
"2006-08-15",6589.6
"2006-08-16",6618.1
"2006-08-17",6644.5
"2006-08-18",6631.2
"2006-08-19",6619.4
"2006-08-20",6640.7
"2006-08-21",6707.9
"2006-08-22",6723.5
"2006-08-23",6722.8
"2006-08-24",6670.4
"2006-08-25",6598.9
"2006-08-26",6629.9
"2006-08-27",6548.4
"2006-08-28",6564.7
"2006-08-29",6589.2
"2006-08-30",6565
"2006-08-31",6623.3
"2006-09-01",6628.9
"2006-09-02",6697.9
"2006-09-03",6671.5
"2006-09-04",6670
"2006-09-05",6679.2
"2006-09-06",6705.3
"2006-09-07",6729.3
"2006-09-08",6687
"2006-09-09",6711
"2006-09-10",6773.3
"2006-09-11",6809.7
"2006-09-12",6847.6
"2006-09-13",6819.8
"2006-09-14",6791.8
"2006-09-15",6762.7
"2006-09-16",6730.3
"2006-09-17",6730.3
"2006-09-18",6703.5
"2006-09-19",6702.2
"2006-09-20",6687.1
"2006-09-21",6709.3
"2006-09-22",6639.9
"2006-09-23",6641.6
"2006-09-24",6579.3
"2006-09-25",6566.2
"2006-09-26",6554.5
"2006-09-27",6563.6
"2006-09-28",6602.8
"2006-09-29",6614.8
"2006-09-30",6631.5
"2006-10-01",6620.4
"2006-10-02",6569.3
"2006-10-03",6544.7
"2006-10-04",6616.2
"2006-10-05",6655.9
"2006-10-06",6651.3
"2006-10-07",6605
"2006-10-08",6586.3
"2006-10-09",6571
"2006-10-10",6563.9
"2006-10-11",6566.9
"2006-10-12",6600
"2006-10-13",6606.7
"2006-10-14",6684.1
"2006-10-15",6765.5
"2006-10-16",6732.6
"2006-10-17",6714.2
"2006-10-18",6688.1
"2006-10-19",6690
"2006-10-20",6680.7
"2006-10-21",6666.3
"2006-10-22",6713.6
"2006-10-23",6772.6
"2006-10-24",6740.1
"2006-10-25",6701.2
"2006-10-26",6606.2
"2006-10-27",6632.5
"2006-10-28",6629.7
"2006-10-29",6624.5
"2006-10-30",6586.6
"2006-10-31",6630.3
"2006-11-01",6625.6
"2006-11-02",6601.5
"2006-11-03",6619
"2006-11-04",6617
"2006-11-05",6585
"2006-11-06",6534.7
"2006-11-07",6447.5
"2006-11-08",6368.4
"2006-11-09",6386.5
"2006-11-10",6406.9
"2006-11-11",6411.7
"2006-11-12",6461
"2006-11-13",6513.5
"2006-11-14",6524.1
"2006-11-15",6525.1
"2006-11-16",6565.6
"2006-11-17",6533.2
"2006-11-18",6525.5
"2006-11-19",6576.3
"2006-11-20",6557.9
"2006-11-21",6515.9
"2006-11-22",6566.2
"2006-11-23",6540.2
"2006-11-24",6522.7
"2006-11-25",6473.3
"2006-11-26",6469.6
"2006-11-27",6493.9
"2006-11-28",6518.7
"2006-11-29",6551
"2006-11-30",6549.9
"2006-12-01",6572.6
"2006-12-02",6533.8
"2006-12-03",6525.6
"2006-12-04",6593.2
"2006-12-05",6633.7
"2006-12-06",6622.3
"2006-12-07",6631.3
"2006-12-08",6626.6
"2006-12-09",6707
"2006-12-10",6684.3
"2006-12-11",6750.8
"2006-12-12",6773.1
"2006-12-13",6823.4
"2006-12-14",6850.2
"2006-12-15",6841.6
"2006-12-16",6776
"2006-12-17",6802.9
"2006-12-18",6837.8
"2006-12-19",6846.3
"2006-12-20",6880.1
"2006-12-21",6913.8
"2006-12-22",6865.1
"2006-12-23",6895
"2006-12-24",6907.9
"2006-12-25",6924.8
"2006-12-26",6860.6
"2006-12-27",6872.2
"2006-12-28",6847.2
"2006-12-29",6884
"2006-12-30",6917.1
"2006-12-31",6948.9
"2007-01-01",6961.9
"2007-01-02",6879.3
"2007-01-03",6845.7
"2007-01-04",6834.2
"2007-01-05",6774.8
"2007-01-06",6750.5
"2007-01-07",6727.3
"2007-01-08",6689.5
"2007-01-09",6679.7
"2007-01-10",6687.4
"2007-01-11",6654.1
"2007-01-12",6641.7
"2007-01-13",6680.4
"2007-01-14",6726.3
"2007-01-15",6694.9
"2007-01-16",6692.9
"2007-01-17",6639.8
"2007-01-18",6684.3
"2007-01-19",6690.3
"2007-01-20",6713.5
"2007-01-21",6677.5
"2007-01-22",6714.6
"2007-01-23",6737.1
"2007-01-24",6823.3
"2007-01-25",6848.8
"2007-01-26",6845.1
"2007-01-27",6870.9
"2007-01-28",6824.5
"2007-01-29",6770.6
"2007-01-30",6749.8
"2007-01-31",6728.5
"2007-02-01",6709.3
"2007-02-02",6690.4
"2007-02-03",6662.6
"2007-02-04",6639.4
"2007-02-05",6706
"2007-02-06",6756.8
"2007-02-07",6714.7
"2007-02-08",6696.5
"2007-02-09",6666.1
"2007-02-10",6650
"2007-02-11",6645.8
"2007-02-12",6626.5
"2007-02-13",6546.1
"2007-02-14",6527.2
"2007-02-15",6419.4
"2007-02-16",6438.4
"2007-02-17",6239.1
"2007-02-18",6244.1
"2007-02-19",6217.1
"2007-02-20",6319.8
"2007-02-21",6431.2
"2007-02-22",6493.6
"2007-02-23",6475.6
"2007-02-24",6483.5
"2007-02-25",6360.8
"2007-02-26",6313.8
"2007-02-27",6340
"2007-02-28",6473.6
"2007-03-01",6486.5
"2007-03-02",6413.9
"2007-03-03",6424.5
"2007-03-04",6517
"2007-03-05",6547.3
"2007-03-06",6598
"2007-03-07",6572.4
"2007-03-08",6511.1
"2007-03-09",6407.8
"2007-03-10",6493.2
"2007-03-11",6531.5
"2007-03-12",6418.2
"2007-03-13",6340.8
"2007-03-14",6337.4
"2007-03-15",6450.4
"2007-03-16",6492.7
"2007-03-17",6526
"2007-03-18",6532.4
"2007-03-19",6606.6
"2007-03-20",6579.3
"2007-03-21",6459.9
"2007-03-22",6503.4
"2007-03-23",6549.3
"2007-03-24",6655.2
"2007-03-25",6654.1
"2007-03-26",6665.6
"2007-03-27",6632.1
"2007-03-28",6573.8
"2007-03-29",6571.9
"2007-03-30",6577.6
"2007-03-31",6689.2
"2007-04-01",6750.7
"2007-04-02",6784.1
"2007-04-03",6809
"2007-04-04",6779.7
"2007-04-05",6806.2
"2007-04-06",6789.5
"2007-04-07",6834.8
"2007-04-08",6754.8
"2007-04-09",6795
"2007-04-10",6771.3
"2007-04-11",6891.1
"2007-04-12",6886.7
"2007-04-13",6907.4
"2007-04-14",6855.9
"2007-04-15",6921.3
"2007-04-16",6972.6
"2007-04-17",6870.2
"2007-04-18",6821.5
"2007-04-19",6828.6
"2007-04-20",6851.4
"2007-04-21",6917.4
"2007-04-22",6864.9
"2007-04-23",6908.3
"2007-04-24",6853.4
"2007-04-25",6818.9
"2007-04-26",6892.9
"2007-04-27",6886.1
"2007-04-28",6905.8
"2007-04-29",6886.9
"2007-04-30",6865.2
"2007-05-01",6839
"2007-05-02",6773.5
"2007-05-03",6776.1
"2007-05-04",6744.6
"2007-05-05",6718.7
"2007-05-06",6809.7
"2007-05-07",6843.6
"2007-05-08",6943.3
"2007-05-09",6887.6
"2007-05-10",6928.3
"2007-05-11",6942.9
"2007-05-12",6873.3
"2007-05-13",6901.5
"2007-05-14",6900.9
"2007-05-15",6906.4
"2007-05-16",6915.7
"2007-05-17",6919
"2007-05-18",6857.1
"2007-05-19",6872.4
"2007-05-20",6878.5
"2007-05-21",6865
"2007-05-22",6917.2
"2007-05-23",6930
"2007-05-24",6888.7
"2007-05-25",6951.4
"2007-05-26",6956.9
"2007-05-27",6943.5
"2007-05-28",6949.3
"2007-05-29",6967.2
"2007-05-30",6946.7
"2007-05-31",6958.4
"2007-06-01",6966.4
"2007-06-02",6988.1
"2007-06-03",6977.9
"2007-06-04",6974.2
"2007-06-05",6945
"2007-06-06",6960.5
"2007-06-07",6960
"2007-06-08",6947.7
"2007-06-09",6930.7
"2007-06-10",6939.8
"2007-06-11",6982.8
"2007-06-12",6944.1
"2007-06-13",6927
"2007-06-14",6966
"2007-06-15",6988.9
"2007-06-16",6950.7
"2007-06-17",6904.3
"2007-06-18",6916.4
"2007-06-19",6980
"2007-06-20",6981.6
"2007-06-21",7012.2
"2007-06-22",7048.7
"2007-06-23",7068.7
"2007-06-24",7091.7
"2007-06-25",7156.6
"2007-06-26",7161.4
"2007-06-27",7197.2
"2007-06-28",7199.9
"2007-06-29",7232.4
"2007-06-30",7240.7
"2007-07-01",7264.9
"2007-07-02",7266
"2007-07-03",7259.4
"2007-07-04",7308
"2007-07-05",7354.2
"2007-07-06",7363.8
"2007-07-07",7376.4
"2007-07-08",7345.4
"2007-07-09",7336.7
"2007-07-10",7331.5
"2007-07-11",7381.6
"2007-07-12",7317.3
"2007-07-13",7285.1
"2007-07-14",7353.4
"2007-07-15",7367.7
"2007-07-16",7413
"2007-07-17",7453.2
"2007-07-18",7457.4
"2007-07-19",7483.1
"2007-07-20",7491.1
"2007-07-21",7470.7
"2007-07-22",7469.8
"2007-07-23",7469.9
"2007-07-24",7523.1
"2007-07-25",7500.9
"2007-07-26",7524.5
"2007-07-27",7555.7
"2007-07-28",7542.2
"2007-07-29",7512.5
"2007-07-30",7565.5
"2007-07-31",7593.7
"2007-08-01",7575.9
"2007-08-02",7517.1
"2007-08-03",7500
"2007-08-04",7497.8
"2007-08-05",7423.3
"2007-08-06",7461.1
"2007-08-07",7453.8
"2007-08-08",7452.7
"2007-08-09",7456.9
"2007-08-10",7438.2
"2007-08-11",7442.4
"2007-08-12",7442
"2007-08-13",7470.1
"2007-08-14",7365.8
"2007-08-15",7334.7
"2007-08-16",7365.7
"2007-08-17",7442.9
"2007-08-18",7390.2
"2007-08-19",7414.3
"2007-08-20",7399.6
"2007-08-21",7447.1
"2007-08-22",7473.9
"2007-08-23",7434.9
"2007-08-24",7381.8
"2007-08-25",7313.4
"2007-08-26",7305.1
"2007-08-27",7286.4
"2007-08-28",7276.8
"2007-08-29",7230.9
"2007-08-30",7224.4
"2007-08-31",7255.7
"2007-09-01",7231.1
"2007-09-02",7175.1
"2007-09-03",7189.9
"2007-09-04",7248
"2007-09-05",7188
"2007-09-06",7233.2
"2007-09-07",7251
"2007-09-08",7277
"2007-09-09",7219.7
"2007-09-10",7225.8
"2007-09-11",7110.7
"2007-09-12",7077.5
"2007-09-13",7092.2
"2007-09-14",7124.2
"2007-09-15",7204.6
"2007-09-16",7184.5
"2007-09-17",7223.1
"2007-09-18",7213.1
"2007-09-19",7229.9
"2007-09-20",7204.7
"2007-09-21",7233.6
"2007-09-22",7281.8
"2007-09-23",7290.6
"2007-09-24",7279.4
"2007-09-25",7258.7
"2007-09-26",7200.6
"2007-09-27",7140.2
"2007-09-28",7114.6
"2007-09-29",7179.9
"2007-09-30",7234.5
"2007-10-01",7280.6
"2007-10-02",7335.3
"2007-10-03",7354.6
"2007-10-04",7346.2
"2007-10-05",7356
"2007-10-06",7331.9
"2007-10-07",7370.5
"2007-10-08",7295.8
"2007-10-09",7261.7
"2007-10-10",7339.8
"2007-10-11",7346
"2007-10-12",7337.1
"2007-10-13",7372.4
"2007-10-14",7431.6
"2007-10-15",7383.8
"2007-10-16",7327.3
"2007-10-17",7321.9
"2007-10-18",7240.7
"2007-10-19",7371.3
"2007-10-20",7424.1
"2007-10-21",7418.4
"2007-10-22",7377
"2007-10-23",7369.6
"2007-10-24",7331.1
"2007-10-25",7411.1
"2007-10-26",7456.8
"2007-10-27",7437.4
"2007-10-28",7427.5
"2007-10-29",7419.9
"2007-10-30",7423.1
"2007-10-31",7426.5
"2007-11-01",7443.3
"2007-11-02",7390.9
"2007-11-03",7426.1
"2007-11-04",7458.2
"2007-11-05",7433.1
"2007-11-06",7434.4
"2007-11-07",7399.4
"2007-11-08",7408.3
"2007-11-09",7414.7
"2007-11-10",7411.6
"2007-11-11",7409.4
"2007-11-12",7411.4
"2007-11-13",7412.9
"2007-11-14",7364.1
"2007-11-15",7361
"2007-11-16",7373
"2007-11-17",7407.7
"2007-11-18",7398.9
"2007-11-19",7358.1
"2007-11-20",7303.4
"2007-11-21",7286.2
"2007-11-22",7321.9
"2007-11-23",7396.1
"2007-11-24",7414.1
"2007-11-25",7433.1
"2007-11-26",7459.9
"2007-11-27",7469.1
"2007-11-28",7463.4
"2007-11-29",7461.1
"2007-11-30",7452
"2007-12-01",7419.8
"2007-12-02",7404.8
"2007-12-03",7380.2
"2007-12-04",7418
"2007-12-05",7451.8
"2007-12-06",7480.5
"2007-12-07",7482.2
"2007-12-08",7510
"2007-12-09",7434.8
"2007-12-10",7332.8
"2007-12-11",7305.9
"2007-12-12",7327
"2007-12-13",7362.8
"2007-12-14",7416.7
"2007-12-15",7550.5
"2007-12-16",7529.8
"2007-12-17",7536.9
"2007-12-18",7526.2
"2007-12-19",7507.5
"2007-12-20",7404.1
"2007-12-21",7422.6
"2007-12-22",7456.6
"2007-12-23",7456.7
"2007-12-24",7496.1
"2007-12-25",7522.3
"2007-12-26",7501.5
"2007-12-27",7483.5
"2007-12-28",7479.1
"2007-12-29",7426.3
"2007-12-30",7386.6
"2007-12-31",7399.8
"2008-01-01",7377.8
"2008-01-02",7398.9
"2008-01-03",7325.9
"2008-01-04",7291.7
"2008-01-05",7328.8
"2008-01-06",7488.1
"2008-01-07",7518.6
"2008-01-08",7537.4
"2008-01-09",7630
"2008-01-10",7625.2
"2008-01-11",7622.6
"2008-01-12",7649.2
"2008-01-13",7686.2
"2008-01-14",7709.4
"2008-01-15",7710.2
"2008-01-16",7691.5
"2008-01-17",7658.7
"2008-01-18",7654.3
"2008-01-19",7668.7
"2008-01-20",7643.5
"2008-01-21",7653.6
"2008-01-22",7648.5
"2008-01-23",7601.8
"2008-01-24",7622.9
"2008-01-25",7619.2
"2008-01-26",7638.7
"2008-01-27",7632.4
"2008-01-28",7656.8
"2008-01-29",7644.6
"2008-01-30",7587.5
"2008-01-31",7590.4
"2008-02-01",7568
"2008-02-02",7580
"2008-02-03",7553.7
"2008-02-04",7619.1
"2008-02-05",7619.1
"2008-02-06",7655.4
"2008-02-07",7651.9
"2008-02-08",7685.1
"2008-02-09",7663.1
"2008-02-10",7658.1
"2008-02-11",7665.3
"2008-02-12",7713.1
"2008-02-13",7744.4
"2008-02-14",7771.3
"2008-02-15",7802
"2008-02-16",7785
"2008-02-17",7848.8
"2008-02-18",7921.3
"2008-02-19",7910.5
"2008-02-20",7907.5
"2008-02-21",7922.9
"2008-02-22",7997.9
"2008-02-23",8153
"2008-02-24",8154.8
"2008-02-25",8176
"2008-02-26",8139.2
"2008-02-27",8088.1
"2008-02-28",8146.2
"2008-02-29",8065.7
"2008-03-01",8096.6
"2008-03-02",8112
"2008-03-03",8085.9
"2008-03-04",8137.7
"2008-03-05",8141.7
"2008-03-06",8174.4
"2008-03-07",8190
"2008-03-08",8147.1
"2008-03-09",8199.7
"2008-03-10",8236.7
"2008-03-11",8350
"2008-03-12",8356.8
"2008-03-13",8326.7
"2008-03-14",8396.1
"2008-03-15",8343.5
"2008-03-16",8340.1
"2008-03-17",8371.4
"2008-03-18",8402.7
"2008-03-19",8408
"2008-03-20",8480.9
"2008-03-21",8539.6
"2008-03-22",8530.6
"2008-03-23",8539.7
"2008-03-24",8518.4
"2008-03-25",8553.6
"2008-03-26",8524
"2008-03-27",8532.9
"2008-03-28",8562
"2008-03-29",8519
"2008-03-30",8472.5
"2008-03-31",8520.7
"2008-04-01",8590.1
"2008-04-02",8511.9
"2008-04-03",8544.9
"2008-04-04",8527.3
"2008-04-05",8531.4
"2008-04-06",8510.4
"2008-04-07",8551.2
"2008-04-08",8550.2
"2008-04-09",8531.9
"2008-04-10",8603.3
"2008-04-11",8550.2
"2008-04-12",8530.1
"2008-04-13",8525.7
"2008-04-14",8608
"2008-04-15",8559.4
"2008-04-16",8671.7
"2008-04-17",8728.1
"2008-04-18",8739.5
"2008-04-19",8698.4
"2008-04-20",8736
"2008-04-21",8688.7
"2008-04-22",8606.6
"2008-04-23",8713.2
"2008-04-24",8740.3
"2008-04-25",8870.2
"2008-04-26",8812.7
"2008-04-27",8798.3
"2008-04-28",8798
"2008-04-29",8825
"2008-04-30",8781.7
"2008-05-01",8782
"2008-05-02",8807.1
"2008-05-03",8846.7
"2008-05-04",8804.8
"2008-05-05",8815.9
"2008-05-06",8881.8
"2008-05-07",8823.5
"2008-05-08",8934.3
"2008-05-09",8948.5
"2008-05-10",9075.5
"2008-05-11",9178.9
"2008-05-12",9168.6
"2008-05-13",9254.4
"2008-05-14",9278.1
"2008-05-15",9294.7
"2008-05-16",9292
"2008-05-17",9187.9
"2008-05-18",9240
"2008-05-19",9218.1
"2008-05-20",9282.7
"2008-05-21",9161.4
"2008-05-22",9063.5
"2008-05-23",8955.1
"2008-05-24",8979.5
"2008-05-25",9001.8
"2008-05-26",8901.2
"2008-05-27",8863.5
"2008-05-28",8857.1
"2008-05-29",8876.4
"2008-05-30",8844.3
"2008-05-31",8827.5
"2008-06-01",8814.3
"2008-06-02",8836.6
"2008-06-03",8951.9
"2008-06-04",9006.9
"2008-06-05",8919.3
"2008-06-06",8697.1
"2008-06-07",8809.6
"2008-06-08",8748.9
"2008-06-09",8788.1
"2008-06-10",8838
"2008-06-11",8922.3
"2008-06-12",8953.8
"2008-06-13",9025
"2008-06-14",9067.7
"2008-06-15",9032.8
"2008-06-16",9047.9
"2008-06-17",9070.1
"2008-06-18",9110.7
"2008-06-19",9165.5
"2008-06-20",9172.5
"2008-06-21",9212.2
"2008-06-22",9190.8
"2008-06-23",9209.2
"2008-06-24",9179.7
"2008-06-25",9185.6
"2008-06-26",9176.1
"2008-06-27",9176.5
"2008-06-28",9171
"2008-06-29",9090.6
"2008-06-30",9067
"2008-07-01",9048.7
"2008-07-02",9071.1
"2008-07-03",8989.8
"2008-07-04",9046.5
"2008-07-05",9023.8
"2008-07-06",9196.2
"2008-07-07",9288
"2008-07-08",9302.4
"2008-07-09",9313.1
"2008-07-10",9264
"2008-07-11",9236.7
"2008-07-12",9154.8
"2008-07-13",9126.8
"2008-07-14",9168.1
"2008-07-15",9149.9
"2008-07-16",9070.3
"2008-07-17",9053.5
"2008-07-18",9014.1
"2008-07-19",9055
"2008-07-20",9044.2
"2008-07-21",9133.1
"2008-07-22",9189.4
"2008-07-23",9126.4
"2008-07-24",9022.1
"2008-07-25",8896.7
"2008-07-26",8944
"2008-07-27",8937.2
"2008-07-28",8985.3
"2008-07-29",9002.5
"2008-07-30",8977.2
"2008-07-31",8990
"2008-08-01",8916
"2008-08-02",8991.8
"2008-08-03",9033.8
"2008-08-04",9070.7
"2008-08-05",9032.3
"2008-08-06",9104.8
"2008-08-07",9178
"2008-08-08",9152.4
"2008-08-09",9269.6
"2008-08-10",9269.5
"2008-08-11",9272.7
"2008-08-12",9248.3
"2008-08-13",9209.8
"2008-08-14",9163.4
"2008-08-15",9225
"2008-08-16",9196.6
"2008-08-17",9102.4
"2008-08-18",9173.9
"2008-08-19",9149
"2008-08-20",9110.4
"2008-08-21",9083.9
"2008-08-22",9020.7
"2008-08-23",8994.7
"2008-08-24",9025
"2008-08-25",9158.9
"2008-08-26",9213.2
"2008-08-27",9200.1
"2008-08-28",9144.2
"2008-08-29",9137.9
"2008-08-30",9209
"2008-08-31",9285.9
"2008-09-01",9292.7
"2008-09-02",9406.2
"2008-09-03",9499.6
"2008-09-04",9548.7
"2008-09-05",9535
"2008-09-06",9630.6
"2008-09-07",9669.5
"2008-09-08",9646.1
"2008-09-09",9581.2
"2008-09-10",9557.6
"2008-09-11",9565.4
"2008-09-12",9589.5
"2008-09-13",9620.7
"2008-09-14",9556.9
"2008-09-15",9585.3
"2008-09-16",9592.6
"2008-09-17",9619.2
"2008-09-18",9629.5
"2008-09-19",9741.5
"2008-09-20",9776.2
"2008-09-21",9757.2
"2008-09-22",9735.9
"2008-09-23",9713.5
"2008-09-24",9738.2
"2008-09-25",9790.3
"2008-09-26",9834.6
"2008-09-27",9792.2
"2008-09-28",9845.7
"2008-09-29",9853.3
"2008-09-30",9845.2
"2008-10-01",9826.5
"2008-10-02",9825.9
"2008-10-03",9798.6
"2008-10-04",9729.2
"2008-10-05",9797
"2008-10-06",9867.1
"2008-10-07",9780.7
"2008-10-08",9740.6
"2008-10-09",9643
"2008-10-10",9613.2
"2008-10-11",9596.8
"2008-10-12",9590.6
"2008-10-13",9778.5
"2008-10-14",9796.1
"2008-10-15",9811.3
"2008-10-16",9763.7
"2008-10-17",9784.5
"2008-10-18",9786.4
"2008-10-19",9841.3
"2008-10-20",9959.2
"2008-10-21",9950.8
"2008-10-22",9920
"2008-10-23",9920
"2008-10-24",9828.8
"2008-10-25",9813.9
"2008-10-26",9825.2
"2008-10-27",9871.2
"2008-10-28",9854.4
"2008-10-29",9875.7
"2008-10-30",10000
"2008-10-31",9881.8
"2008-11-01",9958.4
"2008-11-02",9961.2
"2008-11-03",9949.3
"2008-11-04",9921.1
"2008-11-05",9949.9
"2008-11-06",10007
"2008-11-07",10085
"2008-11-08",10088
"2008-11-09",9911.4
"2008-11-10",9806.2
"2008-11-11",9931.3
"2008-11-12",9825.2
"2008-11-13",9787.2
"2008-11-14",9777.6
"2008-11-15",9529.5
"2008-11-16",9520.5
"2008-11-17",9577.2
"2008-11-18",9666
"2008-11-19",9727.3
"2008-11-20",9819.8
"2008-11-21",9889.1
"2008-11-22",9800
"2008-11-23",9862
"2008-11-24",9902.6
"2008-11-25",9932.6
"2008-11-26",9918.5
"2008-11-27",9966.5
"2008-11-28",9988.3
"2008-11-29",10076
"2008-11-30",10077
"2008-12-01",10131
"2008-12-02",10138
"2008-12-03",10200
"2008-12-04",10182
"2008-12-05",10088
"2008-12-06",10247
"2008-12-07",10154
"2008-12-08",10085
"2008-12-09",10176
"2008-12-10",10193
"2008-12-11",10159
"2008-12-12",10117
"2008-12-13",10004
"2008-12-14",9997.4
"2008-12-15",10018
"2008-12-16",10103
"2008-12-17",10128
"2008-12-18",10136
"2008-12-19",10064
"2008-12-20",10105
"2008-12-21",10102
"2008-12-22",10110
"2008-12-23",10033
"2008-12-24",10102
"2008-12-25",10150
"2008-12-26",10162
"2008-12-27",10174
"2008-12-28",10133
"2008-12-29",10065
"2008-12-30",9996.4
"2008-12-31",10018
"2009-01-01",10039
"2009-01-02",10020
"2009-01-03",9970
"2009-01-04",10040
"2009-01-05",10076
"2009-01-06",10200
"2009-01-07",10174
"2009-01-08",10210
"2009-01-09",10197
"2009-01-10",10241
"2009-01-11",10217
"2009-01-12",10230
"2009-01-13",10239
"2009-01-14",10270
"2009-01-15",10224
"2009-01-16",10274
"2009-01-17",10287
"2009-01-18",10253
"2009-01-19",10227
"2009-01-20",10136
"2009-01-21",10185
"2009-01-22",10189
"2009-01-23",10212
"2009-01-24",10240
"2009-01-25",10266
"2009-01-26",10224
"2009-01-27",10161
"2009-01-28",10193
"2009-01-29",10159
"2009-01-30",10164
"2009-01-31",10256
"2009-02-01",10259
"2009-02-02",10246
"2009-02-03",10255
"2009-02-04",10278
"2009-02-05",10246
"2009-02-06",10291
"2009-02-07",10347
"2009-02-08",10364
"2009-02-09",10338
"2009-02-10",10393
"2009-02-11",10393
"2009-02-12",10384
"2009-02-13",10391
"2009-02-14",10414
"2009-02-15",10370
"2009-02-16",10327
"2009-02-17",10334
"2009-02-18",10326
"2009-02-19",10357
"2009-02-20",10425
"2009-02-21",10480
"2009-02-22",10411
"2009-02-23",10322
"2009-02-24",10287
"2009-02-25",10258
"2009-02-26",10190
"2009-02-27",10167
"2009-02-28",10162
"2009-03-01",10220
"2009-03-02",10224
"2009-03-03",10278
"2009-03-04",10257
"2009-03-05",10253
"2009-03-06",10226
"2009-03-07",10240
"2009-03-08",10202
"2009-03-09",10267
"2009-03-10",10343
"2009-03-11",10261
"2009-03-12",10271
"2009-03-13",10212
"2009-03-14",10241
"2009-03-15",10204
"2009-03-16",10230
"2009-03-17",10214
"2009-03-18",10245
"2009-03-19",10193
"2009-03-20",10206
"2009-03-21",10205
"2009-03-22",10223
"2009-03-23",10034
"2009-03-24",10059
"2009-03-25",10060
"2009-03-26",10092
"2009-03-27",10118
"2009-03-28",10040
"2009-03-29",10131
"2009-03-30",10201
"2009-03-31",10164
"2009-04-01",10176
"2009-04-02",10228
"2009-04-03",10221
"2009-04-04",10277
"2009-04-05",10349
"2009-04-06",10350
"2009-04-07",10356
"2009-04-08",10333
"2009-04-09",10397
"2009-04-10",10381
"2009-04-11",10315
"2009-04-12",10243
"2009-04-13",10250
"2009-04-14",10276
"2009-04-15",10335
"2009-04-16",10313
"2009-04-17",10292
"2009-04-18",10334
"2009-04-19",10305
"2009-04-20",10329
"2009-04-21",10328
"2009-04-22",10382
"2009-04-23",10423
"2009-04-24",10439
"2009-04-25",10413
"2009-04-26",10345
"2009-04-27",10342
"2009-04-28",10321
"2009-04-29",10360
"2009-04-30",10299
"2009-05-01",10403
"2009-05-02",10318
"2009-05-03",10399
"2009-05-04",10382
"2009-05-05",10354
"2009-05-06",10282
"2009-05-07",10213
"2009-05-08",10356
"2009-05-09",10322
"2009-05-10",10253
"2009-05-11",10349
"2009-05-12",10198
"2009-05-13",10180
"2009-05-14",10116
"2009-05-15",10103
"2009-05-16",10146
"2009-05-17",10093
"2009-05-18",10164
"2009-05-19",10318
"2009-05-20",10376
"2009-05-21",10359
"2009-05-22",10382
"2009-05-23",10415
"2009-05-24",10494
"2009-05-25",10481
"2009-05-26",10480
"2009-05-27",10556
"2009-05-28",10719
"2009-05-29",10728
"2009-05-30",10899
"2009-05-31",10920
"2009-06-01",10938
"2009-06-02",10889
"2009-06-03",10930
"2009-06-04",10967
"2009-06-05",10942
"2009-06-06",10992
"2009-06-07",10911
"2009-06-08",10905
"2009-06-09",10953
"2009-06-10",11010
"2009-06-11",10983
"2009-06-12",10966
"2009-06-13",11011
"2009-06-14",11044
"2009-06-15",11034
"2009-06-16",11126
"2009-06-17",11317
"2009-06-18",11243
"2009-06-19",11249
"2009-06-20",11207
"2009-06-21",11234
"2009-06-22",11279
"2009-06-23",11260
"2009-06-24",11198
"2009-06-25",11142
"2009-06-26",11188
"2009-06-27",11079
"2009-06-28",11029
"2009-06-29",11034
"2009-06-30",11111
"2009-07-01",11258
"2009-07-02",11258
"2009-07-03",11330
"2009-07-04",11316
"2009-07-05",11329
"2009-07-06",11329
"2009-07-07",11354
"2009-07-08",11357
"2009-07-09",11275
"2009-07-10",11190
"2009-07-11",11190
"2009-07-12",11207
"2009-07-13",11147
"2009-07-14",11064
"2009-07-15",11191
"2009-07-16",11353
"2009-07-17",11336
"2009-07-18",11441
"2009-07-19",11469
"2009-07-20",11440
"2009-07-21",11362
"2009-07-22",11445
"2009-07-23",11486
"2009-07-24",11652
"2009-07-25",11909
"2009-07-26",12029
"2009-07-27",12050
"2009-07-28",12094
"2009-07-29",12006
"2009-07-30",12020
"2009-07-31",12241
"2009-08-01",12191
"2009-08-02",12185
"2009-08-03",12170
"2009-08-04",12300
"2009-08-05",12212
"2009-08-06",12194
"2009-08-07",12102
"2009-08-08",12262
"2009-08-09",12425
"2009-08-10",12450
"2009-08-11",12397
"2009-08-12",12413
"2009-08-13",12387
"2009-08-14",12437
"2009-08-15",12546
"2009-08-16",12572
"2009-08-17",12702
"2009-08-18",12746
"2009-08-19",12623
"2009-08-20",12678
"2009-08-21",12712
"2009-08-22",12766
"2009-08-23",12661
"2009-08-24",12601
"2009-08-25",12670
"2009-08-26",12566
"2009-08-27",12563
"2009-08-28",12393
"2009-08-29",12455
"2009-08-30",12477
"2009-08-31",12536
"2009-09-01",12632
"2009-09-02",12595
"2009-09-03",12719
"2009-09-04",12672
"2009-09-05",12657
"2009-09-06",12626
"2009-09-07",12551
"2009-09-08",12451
"2009-09-09",12285
"2009-09-10",12453
"2009-09-11",12617
"2009-09-12",12448
"2009-09-13",12456
"2009-09-14",12513
"2009-09-15",12456
"2009-09-16",12518
"2009-09-17",12535
"2009-09-18",12603
"2009-09-19",12725
"2009-09-20",12756
"2009-09-21",12711
"2009-09-22",12654
"2009-09-23",12596
"2009-09-24",12539
"2009-09-25",12418
"2009-09-26",12451
"2009-09-27",12595
"2009-09-28",12560
"2009-09-29",12453
"2009-09-30",12513
"2009-10-01",12446
"2009-10-02",12328
"2009-10-03",12152
"2009-10-04",12209
"2009-10-05",12302
"2009-10-06",12265
"2009-10-07",12043
"2009-10-08",12068
"2009-10-09",12243
"2009-10-10",12435
"2009-10-11",12317
"2009-10-12",12192
"2009-10-13",12198
"2009-10-14",12335
"2009-10-15",12430
"2009-10-16",12543
"2009-10-17",12682
"2009-10-18",12662
"2009-10-19",12672
"2009-10-20",12665
"2009-10-21",12692
"2009-10-22",12656
"2009-10-23",12780
"2009-10-24",12788
"2009-10-25",12638
"2009-10-26",12696
"2009-10-27",12579
"2009-10-28",12638
"2009-10-29",12590
"2009-10-30",12381
"2009-10-31",12350
"2009-11-01",12234
"2009-11-02",12377
"2009-11-03",12437
"2009-11-04",12380
"2009-11-05",12294
"2009-11-06",12403
"2009-11-07",12405
"2009-11-08",12430
"2009-11-09",12513
"2009-11-10",12660
"2009-11-11",12661
"2009-11-12",12685
"2009-11-13",12628
"2009-11-14",12666
"2009-11-15",12407
"2009-11-16",12423
"2009-11-17",12636
"2009-11-18",12629
"2009-11-19",12625
"2009-11-20",12612
"2009-11-21",12783
"2009-11-22",12665
"2009-11-23",12760
"2009-11-24",12947
"2009-11-25",13110
"2009-11-26",13125
"2009-11-27",13284
"2009-11-28",13425
"2009-11-29",13484
"2009-11-30",13516
"2009-12-01",13451
"2009-12-02",13505
"2009-12-03",13512
"2009-12-04",13527
"2009-12-05",13403
"2009-12-06",13466
"2009-12-07",13489
"2009-12-08",13563
"2009-12-09",13595
"2009-12-10",13715
"2009-12-11",13744
"2009-12-12",13838
"2009-12-13",13798
"2009-12-14",13683
"2009-12-15",13809
"2009-12-16",13747
"2009-12-17",13411
"2009-12-18",13525
"2009-12-19",13514
"2009-12-20",13567
"2009-12-21",13493
"2009-12-22",13417
"2009-12-23",13199
"2009-12-24",12960
"2009-12-25",12547
"2009-12-26",12637
"2009-12-27",12839
"2009-12-28",12967
"2009-12-29",13018
"2009-12-30",13037
"2009-12-31",12616
"2010-01-01",12822
"2010-01-02",12791
"2010-01-03",12632
"2010-01-04",12711
"2010-01-05",12801
"2010-01-06",12784
"2010-01-07",12813
"2010-01-08",12871
"2010-01-09",12787
"2010-01-10",12937
"2010-01-11",13104
"2010-01-12",13129
"2010-01-13",12903
"2010-01-14",13038
"2010-01-15",12877
"2010-01-16",12858
"2010-01-17",12902
"2010-01-18",13073
"2010-01-19",12917
"2010-01-20",12802
"2010-01-21",13046
"2010-01-22",12885
"2010-01-23",12969
"2010-01-24",13078
"2010-01-25",13107
"2010-01-26",13161
"2010-01-27",13307
"2010-01-28",13268
"2010-01-29",13366
"2010-01-30",13306
"2010-01-31",13274
"2010-02-01",13349
"2010-02-02",13456
"2010-02-03",13555
"2010-02-04",13486
"2010-02-05",13666
"2010-02-06",13782
"2010-02-07",13882
"2010-02-08",13882
"2010-02-09",13930
"2010-02-10",13918
"2010-02-11",13926
"2010-02-12",13835
"2010-02-13",13835
"2010-02-14",13808
"2010-02-15",13818
"2010-02-16",13881
"2010-02-17",13801
"2010-02-18",13675
"2010-02-19",13662
"2010-02-20",13748
"2010-02-21",13640
"2010-02-22",13474
"2010-02-23",13541
"2010-02-24",13548
"2010-02-25",13651
"2010-02-26",13700
"2010-02-27",13816
"2010-02-28",13846
"2010-03-01",13790
"2010-03-02",13825
"2010-03-03",13874
"2010-03-04",13894
"2010-03-05",13698
"2010-03-06",13888
"2010-03-07",13808
"2010-03-08",13715
"2010-03-09",13788
"2010-03-10",13969
"2010-03-11",13911
"2010-03-12",13812
"2010-03-13",13819
"2010-03-14",13804
"2010-03-15",13825
"2010-03-16",13962
"2010-03-17",14264
"2010-03-18",14299
"2010-03-19",14005
"2010-03-20",14110
"2010-03-21",14158
"2010-03-22",14205
"2010-03-23",14205
"2010-03-24",14207
"2010-03-25",14219
"2010-03-26",14285
"2010-03-27",14297
"2010-03-28",14189
"2010-03-29",14189
"2010-03-30",13908
"2010-03-31",13974
"2010-04-01",13969
"2010-04-02",13757
"2010-04-03",13747
"2010-04-04",13809
"2010-04-05",13893
"2010-04-06",13848
"2010-04-07",13802
"2010-04-08",13791
"2010-04-09",13814
"2010-04-10",13997
"2010-04-11",13826
"2010-04-12",13583
"2010-04-13",13704
"2010-04-14",13819
"2010-04-15",13744
"2010-04-16",13833
"2010-04-17",13871
"2010-04-18",14143
"2010-04-19",14185
"2010-04-20",14116
"2010-04-21",13915
"2010-04-22",13669
"2010-04-23",13703
"2010-04-24",13726
"2010-04-25",13529
"2010-04-26",13576
"2010-04-27",13480
"2010-04-28",13423
"2010-04-29",13576
"2010-04-30",13721
"2010-05-01",13666
"2010-05-02",13721
"2010-05-03",13848
"2010-05-04",13782
"2010-05-05",13835
"2010-05-06",13740
"2010-05-07",13747
"2010-05-08",13624
"2010-05-09",13591
"2010-05-10",13651
"2010-05-11",13716
"2010-05-12",13716
"2010-05-13",13803
"2010-05-14",13632
"2010-05-15",13731
"2010-05-16",13643
"2010-05-17",13725
"2010-05-18",13755
"2010-05-19",13858
"2010-05-20",13901
"2010-05-21",13903
"2010-05-22",13728
"2010-05-23",13729
"2010-05-24",13795
"2010-05-25",13711
"2010-05-26",13858
"2010-05-27",13866
"2010-05-28",13882
"2010-05-29",13867
"2010-05-30",13925
"2010-05-31",13865
"2010-06-01",13784
"2010-06-02",13861
"2010-06-03",13889
"2010-06-04",13896
"2010-06-05",13960
"2010-06-06",13930
"2010-06-07",13765
"2010-06-08",13689
"2010-06-09",13645
"2010-06-10",13624
"2010-06-11",13683
"2010-06-12",13753
"2010-06-13",13758
"2010-06-14",13672
"2010-06-15",13626
"2010-06-16",13547
"2010-06-17",13366
"2010-06-18",13420
"2010-06-19",13368
"2010-06-20",13413
"2010-06-21",13278
"2010-06-22",13265
"2010-06-23",13330
"2010-06-24",13443
"2010-06-25",13584
"2010-06-26",13558
"2010-06-27",13679
"2010-06-28",13778
"2010-06-29",13873
"2010-06-30",13718
"2010-07-01",13699
"2010-07-02",13684
"2010-07-03",13701
"2010-07-04",13628
"2010-07-05",13615
"2010-07-06",13761
"2010-07-07",13779
"2010-07-08",13796
"2010-07-09",13868
"2010-07-10",13922
"2010-07-11",13844
"2010-07-12",13908
"2010-07-13",13948
"2010-07-14",13930
"2010-07-15",13984
"2010-07-16",14028
"2010-07-17",14005
"2010-07-18",13902
"2010-07-19",13961
"2010-07-20",13910
"2010-07-21",13914
"2010-07-22",13737
"2010-07-23",13538
"2010-07-24",13529
"2010-07-25",13659
"2010-07-26",13765
"2010-07-27",13656
"2010-07-28",13876
"2010-07-29",13957
"2010-07-30",13958
"2010-07-31",13993
"2010-08-01",13511
"2010-08-02",13540
"2010-08-03",13742
"2010-08-04",13940
"2010-08-05",14153
"2010-08-06",14141
"2010-08-07",14085
"2010-08-08",14181
"2010-08-09",14132
"2010-08-10",14088
"2010-08-11",14328
"2010-08-12",14500
"2010-08-13",14432
"2010-08-14",14407
"2010-08-15",14396
"2010-08-16",14432
"2010-08-17",14496
"2010-08-18",14470
"2010-08-19",14475
"2010-08-20",14455
"2010-08-21",14599
"2010-08-22",14618
"2010-08-23",14584
"2010-08-24",14514
"2010-08-25",14509
"2010-08-26",14523
"2010-08-27",14599
"2010-08-28",14523
"2010-08-29",14403
"2010-08-30",14384
"2010-08-31",14598
"2010-09-01",14573
"2010-09-02",14605
"2010-09-03",14588
"2010-09-04",14673
"2010-09-05",14579
"2010-09-06",14540
"2010-09-07",14499
"2010-09-08",14462
"2010-09-09",14438
"2010-09-10",14524
"2010-09-11",14563
"2010-09-12",14610
"2010-09-13",14630
"2010-09-14",14588
"2010-09-15",14489
"2010-09-16",14632
"2010-09-17",14640
"2010-09-18",14616
"2010-09-19",14639
"2010-09-20",14719
"2010-09-21",14619
"2010-09-22",14643
"2010-09-23",14693
"2010-09-24",14621
"2010-09-25",14369
"2010-09-26",14424
"2010-09-27",14448
"2010-09-28",14416
"2010-09-29",14444
"2010-09-30",14442
"2010-10-01",14522
"2010-10-02",14604
"2010-10-03",14664
"2010-10-04",14692
"2010-10-05",14708
"2010-10-06",14638
"2010-10-07",14824
"2010-10-08",14830
"2010-10-09",14578
"2010-10-10",14671
"2010-10-11",14635
"2010-10-12",14647
"2010-10-13",14598
"2010-10-14",14658
"2010-10-15",14633
"2010-10-16",14495
"2010-10-17",14396
"2010-10-18",14422
"2010-10-19",14359
"2010-10-20",14298
"2010-10-21",14231
"2010-10-22",14296
"2010-10-23",14154
"2010-10-24",14336
"2010-10-25",14418
"2010-10-26",14475
"2010-10-27",14418
"2010-10-28",14377
"2010-10-29",14376
"2010-10-30",14433
"2010-10-31",14477
"2010-11-01",14428
"2010-11-02",14388
"2010-11-03",14358
"2010-11-04",14293
"2010-11-05",14395
"2010-11-06",14387
"2010-11-07",14223
"2010-11-08",14085
"2010-11-09",14045
"2010-11-10",13938
"2010-11-11",13882
"2010-11-12",13823
"2010-11-13",13895
"2010-11-14",13901
"2010-11-15",13869
"2010-11-16",13951
"2010-11-17",13975
"2010-11-18",13988
"2010-11-19",14111
"2010-11-20",14026
"2010-11-21",14116
"2010-11-22",14064
"2010-11-23",13834
"2010-11-24",13808
"2010-11-25",13824
"2010-11-26",13934
"2010-11-27",14028
"2010-11-28",14004
"2010-11-29",13996
"2010-11-30",13952
"2010-12-01",14084
"2010-12-02",13971
"2010-12-03",14104
"2010-12-04",14102
"2010-12-05",14206
"2010-12-06",14185
"2010-12-07",14194
"2010-12-08",14265
"2010-12-09",14297
"2010-12-10",14317
"2010-12-11",14344
"2010-12-12",14299
"2010-12-13",14278
"2010-12-14",14213
"2010-12-15",14222
"2010-12-16",14164
"2010-12-17",14115
"2010-12-18",14122
"2010-12-19",14130
"2010-12-20",14121
"2010-12-21",14137
"2010-12-22",14200
"2010-12-23",14237
"2010-12-24",14199
"2010-12-25",14176
"2010-12-26",14188
"2010-12-27",14261
"2010-12-28",14475
"2010-12-29",14582
"2010-12-30",14639
"2010-12-31",14569
"2011-01-01",14624
"2011-01-02",14598
"2011-01-03",14592
"2011-01-04",14522
"2011-01-05",14463
"2011-01-06",14475
"2011-01-07",14471
"2011-01-08",14518
"2011-01-09",14603
"2011-01-10",14644
"2011-01-11",14710
"2011-01-12",14706
"2011-01-13",14671
"2011-01-14",14688
"2011-01-15",14632
"2011-01-16",14713
"2011-01-17",14746
"2011-01-18",14950
"2011-01-19",14899
"2011-01-20",15021
"2011-01-21",15196
"2011-01-22",15145
"2011-01-23",15125
"2011-01-24",15129
"2011-01-25",15304
"2011-01-26",15517
"2011-01-27",15526
"2011-01-28",15508
"2011-01-29",15505
"2011-01-30",15536
"2011-01-31",15588
"2011-02-01",15681
"2011-02-02",15742
"2011-02-03",15802
"2011-02-04",15819
"2011-02-05",15881
"2011-02-06",15860
"2011-02-07",15973
"2011-02-08",15971
"2011-02-09",15949
"2011-02-10",15905
"2011-02-11",15883
"2011-02-12",15930
"2011-02-13",15960
"2011-02-14",16020
"2011-02-15",16016
"2011-02-16",15861
"2011-02-17",15836
"2011-02-18",15893
"2011-02-19",15947
"2011-02-20",15903
"2011-02-21",15863
"2011-02-22",15868
"2011-02-23",15826
"2011-02-24",15868
"2011-02-25",15819
"2011-02-26",15825
"2011-02-27",15801
"2011-02-28",15902
"2011-03-01",15986
"2011-03-02",16009
"2011-03-03",16057
"2011-03-04",16055
"2011-03-05",16295
"2011-03-06",16570
"2011-03-07",16465
"2011-03-08",16614
"2011-03-09",16607
"2011-03-10",16574
"2011-03-11",16713
"2011-03-12",16655
"2011-03-13",16763
"2011-03-14",16805
"2011-03-15",16962
"2011-03-16",16951
"2011-03-17",16873
"2011-03-18",16924
"2011-03-19",16980
"2011-03-20",16964
"2011-03-21",17012
"2011-03-22",16986
"2011-03-23",16883
"2011-03-24",16886
"2011-03-25",16938
"2011-03-26",16904
"2011-03-27",16884
"2011-03-28",17048
"2011-03-29",17092
"2011-03-30",17066
"2011-03-31",17074
"2011-04-01",17206
"2011-04-02",17204
"2011-04-03",17434
"2011-04-04",17439
"2011-04-05",17383
"2011-04-06",17391
"2011-04-07",17247
"2011-04-08",17144
"2011-04-09",16962
"2011-04-10",16722
"2011-04-11",16824
"2011-04-12",16889
"2011-04-13",16868
"2011-04-14",16960
"2011-04-15",17026
"2011-04-16",16949
"2011-04-17",16868
"2011-04-18",16943
"2011-04-19",17008
"2011-04-20",16840
"2011-04-21",16651
"2011-04-22",16368
"2011-04-23",16397
"2011-04-24",16374
"2011-04-25",16188
"2011-04-26",16359
"2011-04-27",16197
"2011-04-28",16156
"2011-04-29",16193
"2011-04-30",16198
"2011-05-01",16249
"2011-05-02",16201
"2011-05-03",16207
"2011-05-04",16225
"2011-05-05",16240
"2011-05-06",16286
"2011-05-07",16286
"2011-05-08",16276
"2011-05-09",16135
"2011-05-10",16119
"2011-05-11",16096
"2011-05-12",16169
"2011-05-13",15835
"2011-05-14",15900
"2011-05-15",15943
"2011-05-16",16054
"2011-05-17",16035
"2011-05-18",16120
"2011-05-19",16216
"2011-05-20",16159
"2011-05-21",16101
"2011-05-22",15961
"2011-05-23",15876
"2011-05-24",15950
"2011-05-25",16042
"2011-05-26",16058
"2011-05-27",15951
"2011-05-28",15791
"2011-05-29",15797
"2011-05-30",15774
"2011-05-31",15788
"2011-06-01",15747
"2011-06-02",15741
"2011-06-03",15727
"2011-06-04",15747
"2011-06-05",15874
"2011-06-06",15856
"2011-06-07",15722
"2011-06-08",15708
"2011-06-09",15602
"2011-06-10",15491
"2011-06-11",15511
"2011-06-12",15532
"2011-06-13",15634
"2011-06-14",15618
"2011-06-15",15657
"2011-06-16",15593
"2011-06-17",15621
"2011-06-18",15728
"2011-06-19",15842
"2011-06-20",15772
"2011-06-21",15734
"2011-06-22",15692
"2011-06-23",15773
"2011-06-24",15711
"2011-06-25",15638
"2011-06-26",15771
"2011-06-27",15902
"2011-06-28",15890
