Date,Open,High,Low,Close,Volume,Market Cap
"Jan 08, 2018",0.089489,0.091329,0.063583,0.078621,"161,362,000","2,809,610,000"
"Jan 07, 2018",0.09834,0.100931,0.085359,0.091676,"195,631,000","3,087,510,000"
"Jan 06, 2018",0.071896,0.111708,0.066976,0.094008,"612,913,000","2,257,270,000"
"Jan 05, 2018",0.039789,0.075377,0.039789,0.070152,"227,731,000","1,249,230,000"
"Jan 04, 2018",0.033006,0.043633,0.031417,0.039108,"116,332,000","1,036,250,000"
"Jan 03, 2018",0.030763,0.03303,0.028159,0.032952,"34,555,700","965,822,000"
"Jan 02, 2018",0.030902,0.031579,0.027345,0.030722,"40,687,600","970,196,000"
"Jan 01, 2018",0.030113,0.03116,0.028484,0.03077,"17,306,300","945,419,000"
"Dec 31, 2017",0.02845,0.031345,0.028247,0.03035,"26,400,000","893,234,000"
"Dec 30, 2017",0.032375,0.032813,0.025768,0.028885,"37,034,600","1,016,450,000"
"Dec 29, 2017",0.028694,0.034135,0.027574,0.032217,"54,244,900","900,884,000"
"Dec 28, 2017",0.028981,0.029537,0.024837,0.028699,"40,773,000","909,884,000"
"Dec 27, 2017",0.029426,0.031848,0.026799,0.028969,"94,351,500","923,851,000"
"Dec 26, 2017",0.027575,0.03233,0.024311,0.02956,"89,684,300","865,745,000"
"Dec 25, 2017",0.034765,0.038733,0.026515,0.028021,"93,218,700","1,091,480,000"
"Dec 24, 2017",0.02919,0.033807,0.025087,0.033807,"77,247,000","916,454,000"
"Dec 23, 2017",0.019476,0.033568,0.019404,0.028472,"97,877,700","611,460,000"
"Dec 22, 2017",0.024909,0.025769,0.01405,0.01919,"42,826,200","782,029,000"
"Dec 21, 2017",0.023688,0.030454,0.022002,0.025061,"77,805,700","743,707,000"
"Dec 20, 2017",0.016105,0.025972,0.013495,0.023979,"97,997,000","505,644,000"
"Dec 19, 2017",0.01662,0.01761,0.014884,0.01619,"27,907,300","521,817,000"
"Dec 18, 2017",0.01634,0.017988,0.013833,0.016599,"28,351,400","513,025,000"
"Dec 17, 2017",0.013016,0.019238,0.012938,0.016413,"64,991,300","408,662,000"
"Dec 16, 2017",0.010707,0.01357,0.010614,0.013103,"16,247,000","336,148,000"
"Dec 15, 2017",0.011385,0.011677,0.010113,0.010613,"11,493,300","357,446,000"
"Dec 14, 2017",0.010273,0.012068,0.009511,0.011447,"16,156,500","322,531,000"
"Dec 13, 2017",0.010926,0.011929,0.009937,0.010223,"14,491,500","343,030,000"
"Dec 12, 2017",0.008662,0.011254,0.008402,0.011188,"10,191,200","271,938,000"
"Dec 11, 2017",0.007707,0.008877,0.007674,0.008639,"4,951,460","241,961,000"
"Dec 10, 2017",0.008221,0.008323,0.007026,0.007685,"4,830,090","258,120,000"
"Dec 09, 2017",0.008538,0.009326,0.007862,0.008278,"6,523,050","268,046,000"
"Dec 08, 2017",0.008224,0.008706,0.007471,0.008388,"10,571,100","258,208,000"
"Dec 07, 2017",0.008395,0.009216,0.008028,0.008135,"16,668,300","263,564,000"
"Dec 06, 2017",0.009401,0.00991,0.008291,0.008539,"20,825,500","294,875,000"
"Dec 05, 2017",0.010766,0.010852,0.008846,0.009462,"24,005,000","337,423,000"
"Dec 04, 2017",0.008545,0.012394,0.008385,0.010973,"64,095,500","267,636,000"
"Dec 03, 2017",0.006822,0.009599,0.00655,0.008557,"29,908,000","213,552,000"
"Dec 02, 2017",0.005876,0.006957,0.005612,0.006801,"6,697,200","183,781,000"
"Dec 01, 2017",0.005425,0.006057,0.005253,0.005921,"2,151,360","169,565,000"
"Nov 30, 2017",0.005511,0.006108,0.005002,0.005456,"2,172,220","172,143,000"
"Nov 29, 2017",0.006512,0.006964,0.005114,0.005427,"5,265,980","203,245,000"
"Nov 28, 2017",0.006375,0.00663,0.006042,0.006481,"4,676,120","198,808,000"
"Nov 27, 2017",0.005589,0.006427,0.005526,0.006325,"3,961,840","174,147,000"
"Nov 26, 2017",0.005421,0.005671,0.005176,0.005588,"2,005,900","168,735,000"
"Nov 25, 2017",0.005083,0.005406,0.005035,0.005387,"2,179,380","158,095,000"
"Nov 24, 2017",0.005266,0.005307,0.004737,0.005052,"3,104,860","163,635,000"
"Nov 23, 2017",0.005433,0.005577,0.004917,0.005275,"3,231,670","168,733,000"
"Nov 22, 2017",0.00446,0.005397,0.00446,0.005391,"5,486,060","138,397,000"
"Nov 21, 2017",0.004321,0.004534,0.004097,0.004412,"1,904,990","133,980,000"
"Nov 20, 2017",0.004293,0.004408,0.004166,0.004286,"1,512,960","133,007,000"
"Nov 19, 2017",0.004086,0.004491,0.004076,0.004267,"2,776,520","126,473,000"
"Nov 18, 2017",0.003995,0.004237,0.003829,0.004058,"1,189,160","123,609,000"
"Nov 17, 2017",0.004003,0.004175,0.003936,0.004014,"1,266,640","123,756,000"
"Nov 16, 2017",0.004202,0.00425,0.003949,0.00405,"1,764,510","129,826,000"
"Nov 15, 2017",0.004198,0.004428,0.004143,0.004143,"1,603,030","129,610,000"
"Nov 14, 2017",0.004014,0.004188,0.003832,0.004163,"1,872,000","123,807,000"
"Nov 13, 2017",0.003792,0.004313,0.00371,0.003976,"1,851,930","116,896,000"
"Nov 12, 2017",0.004389,0.004476,0.003654,0.003753,"2,611,240","135,150,000"
"Nov 11, 2017",0.004177,0.004486,0.003975,0.004386,"2,266,800","128,486,000"
"Nov 10, 2017",0.004951,0.005109,0.003972,0.004225,"3,780,520","152,191,000"
"Nov 09, 2017",0.003957,0.005323,0.003805,0.005046,"6,458,570","121,524,000"
"Nov 08, 2017",0.003671,0.004144,0.003488,0.003962,"3,688,710","112,637,000"
"Nov 07, 2017",0.003654,0.003835,0.003564,0.003682,"1,010,300","112,034,000"
"Nov 06, 2017",0.003429,0.003718,0.003429,0.003661,"1,927,920","105,052,000"
"Nov 05, 2017",0.003507,0.003573,0.003381,0.00344,"955,835","107,352,000"
"Nov 04, 2017",0.003571,0.003723,0.003447,0.003548,"1,311,410","109,213,000"
"Nov 03, 2017",0.003687,0.003695,0.003387,0.003563,"1,080,100","112,677,000"
"Nov 02, 2017",0.003607,0.003846,0.003144,0.003656,"2,954,490","110,146,000"
"Nov 01, 2017",0.003672,0.003687,0.003435,0.003638,"1,359,750","112,061,000"
"Oct 31, 2017",0.003761,0.003812,0.003547,0.003613,"1,292,710","114,690,000"
"Oct 30, 2017",0.003798,0.003881,0.003666,0.003752,"977,199","115,740,000"
"Oct 29, 2017",0.003748,0.003915,0.003702,0.003778,"2,347,960","114,111,000"
"Oct 28, 2017",0.00389,0.003953,0.003713,0.003774,"966,081","118,368,000"
"Oct 27, 2017",0.003796,0.003933,0.003671,0.003909,"987,929","115,427,000"
"Oct 26, 2017",0.003875,0.003929,0.003674,0.003767,"1,095,540","117,748,000"
"Oct 25, 2017",0.003988,0.004049,0.003807,0.003874,"1,247,090","121,082,000"
"Oct 24, 2017",0.003514,0.004361,0.00337,0.003971,"3,220,020","106,599,000"
"Oct 23, 2017",0.003769,0.003788,0.003434,0.00349,"995,359","114,254,000"
"Oct 22, 2017",0.003668,0.003812,0.003577,0.003745,"1,082,130","111,094,000"
"Oct 21, 2017",0.003815,0.003832,0.003519,0.003667,"1,590,810","115,430,000"
"Oct 20, 2017",0.004076,0.00417,0.003634,0.003794,"1,658,580","123,213,000"
"Oct 19, 2017",0.004219,0.004245,0.003958,0.004019,"1,138,080","127,444,000"
"Oct 18, 2017",0.004395,0.004424,0.003976,0.004245,"1,273,150","132,652,000"
"Oct 17, 2017",0.004246,0.004489,0.004122,0.004419,"1,909,010","128,056,000"
"Oct 16, 2017",0.004128,0.00484,0.003926,0.004302,"4,150,350","124,383,000"
"Oct 15, 2017",0.004179,0.004192,0.003904,0.004155,"1,160,240","125,821,000"
"Oct 14, 2017",0.004267,0.004317,0.004053,0.004138,"1,374,980","128,338,000"
"Oct 13, 2017",0.004435,0.004501,0.004025,0.004265,"2,849,190","133,274,000"
"Oct 12, 2017",0.004683,0.004746,0.004273,0.004474,"3,014,630","140,622,000"
"Oct 11, 2017",0.00419,0.004879,0.004114,0.004701,"3,492,210","125,731,000"
"Oct 10, 2017",0.004187,0.004246,0.004006,0.004212,"1,702,950","125,547,000"
"Oct 09, 2017",0.004143,0.004259,0.003942,0.00421,"2,599,510","124,147,000"
"Oct 08, 2017",0.004619,0.00464,0.004115,0.004163,"2,653,770","138,272,000"
"Oct 07, 2017",0.004635,0.004683,0.004437,0.004606,"1,088,520","138,650,000"
"Oct 06, 2017",0.004599,0.004872,0.004536,0.004635,"1,310,460","137,483,000"
"Oct 05, 2017",0.00474,0.004766,0.004137,0.004626,"3,980,540","141,589,000"
"Oct 04, 2017",0.00482,0.005101,0.004716,0.004751,"1,670,690","143,794,000"
"Oct 03, 2017",0.00516,0.005236,0.004751,0.004832,"1,827,980","153,824,000"
"Oct 02, 2017",0.004899,0.0055,0.004889,0.005134,"3,713,780","145,868,000"
"Oct 01, 2017",0.004952,0.005166,0.004831,0.004901,"1,656,930","147,326,000"
"Sep 30, 2017",0.00495,0.00502,0.004849,0.00492,"1,296,180","147,116,000"
"Sep 29, 2017",0.005106,0.005175,0.004695,0.004949,"1,529,170","151,600,000"
"Sep 28, 2017",0.00547,0.005501,0.005056,0.00511,"2,108,370","162,295,000"
"Sep 27, 2017",0.004807,0.005532,0.004787,0.00547,"3,359,770","142,521,000"
"Sep 26, 2017",0.004823,0.004944,0.004757,0.004835,"1,642,750","142,880,000"
"Sep 25, 2017",0.004833,0.004884,0.004487,0.0048,"2,746,080","143,070,000"
"Sep 24, 2017",0.004736,0.005083,0.004615,0.004814,"4,495,580","140,090,000"
"Sep 23, 2017",0.00386,0.004813,0.003845,0.004736,"3,325,030","114,103,000"
"Sep 22, 2017",0.003967,0.00403,0.003646,0.003836,"2,048,650","117,167,000"
"Sep 21, 2017",0.004522,0.004543,0.003857,0.003971,"2,292,050","133,450,000"
"Sep 20, 2017",0.004597,0.004754,0.00445,0.004523,"1,977,030","135,561,000"
"Sep 19, 2017",0.005292,0.005338,0.004504,0.004583,"4,552,840","155,948,000"
"Sep 18, 2017",0.004055,0.00529,0.004055,0.005259,"4,003,890","119,417,000"
"Sep 17, 2017",0.004289,0.004295,0.003881,0.004036,"3,481,140","126,240,000"
"Sep 16, 2017",0.003722,0.004359,0.003701,0.004298,"5,597,830","109,484,000"
"Sep 15, 2017",0.00373,0.004009,0.003146,0.003731,"6,115,970","109,648,000"
"Sep 14, 2017",0.005649,0.005715,0.003693,0.003693,"2,871,720","165,905,000"
"Sep 13, 2017",0.00573,0.005787,0.005277,0.005634,"2,696,590","168,146,000"
"Sep 12, 2017",0.005853,0.006296,0.005654,0.005721,"3,539,640","171,624,000"
"Sep 11, 2017",0.005683,0.005955,0.005397,0.005858,"2,993,330","166,471,000"
"Sep 10, 2017",0.005943,0.00604,0.00537,0.005716,"2,715,170","173,942,000"
"Sep 09, 2017",0.006147,0.006147,0.005833,0.005963,"2,345,400","179,724,000"
"Sep 08, 2017",0.007623,0.00765,0.005891,0.006098,"7,223,270","222,687,000"
"Sep 07, 2017",0.008144,0.008148,0.007369,0.007636,"4,824,290","237,681,000"
"Sep 06, 2017",0.007371,0.008421,0.007322,0.008119,"7,677,680","214,906,000"
"Sep 05, 2017",0.006685,0.007537,0.005876,0.007344,"5,254,060","194,745,000"
"Sep 04, 2017",0.00845,0.00845,0.006136,0.006659,"9,037,270","245,931,000"
"Sep 03, 2017",0.008326,0.008833,0.007638,0.008434,"7,069,160","242,127,000"
"Sep 02, 2017",0.008801,0.009494,0.008043,0.008397,"17,592,900","255,711,000"
"Sep 01, 2017",0.008394,0.008968,0.008162,0.008824,"8,636,340","243,667,000"
"Aug 31, 2017",0.008433,0.008464,0.008204,0.008333,"5,294,670","244,570,000"
"Aug 30, 2017",0.007916,0.008508,0.007816,0.008481,"7,831,240","229,381,000"
"Aug 29, 2017",0.008498,0.008728,0.007698,0.007948,"11,381,600","246,065,000"
"Aug 28, 2017",0.007821,0.008772,0.007349,0.008471,"13,317,000","226,192,000"
"Aug 27, 2017",0.007208,0.008114,0.007069,0.007821,"7,286,210","208,327,000"
"Aug 26, 2017",0.006838,0.007352,0.006675,0.007197,"4,283,900","197,460,000"
"Aug 25, 2017",0.007042,0.007095,0.006695,0.006842,"3,749,800","203,193,000"
"Aug 24, 2017",0.007003,0.007327,0.00691,0.007056,"4,697,040","201,865,000"
"Aug 23, 2017",0.006811,0.007334,0.006652,0.006991,"6,341,530","196,173,000"
"Aug 22, 2017",0.00675,0.006933,0.006242,0.00676,"4,436,860","194,215,000"
"Aug 21, 2017",0.007708,0.007792,0.00671,0.006737,"5,987,600","221,609,000"
"Aug 20, 2017",0.006726,0.007793,0.006435,0.007696,"8,429,580","193,195,000"
"Aug 19, 2017",0.006708,0.006822,0.006087,0.006732,"4,993,790","192,518,000"
"Aug 18, 2017",0.007057,0.007498,0.006531,0.006728,"6,032,540","202,346,000"
"Aug 17, 2017",0.007366,0.007522,0.007004,0.007017,"5,965,510","211,019,000"
"Aug 16, 2017",0.007589,0.008218,0.007303,0.007418,"9,653,770","217,215,000"
"Aug 15, 2017",0.006733,0.008893,0.006214,0.007584,"23,953,700","192,532,000"
"Aug 14, 2017",0.007252,0.00729,0.006217,0.006743,"9,172,540","207,148,000"
"Aug 13, 2017",0.007774,0.007851,0.007094,0.007299,"8,567,400","221,812,000"
"Aug 12, 2017",0.008337,0.008603,0.007405,0.00779,"8,512,030","237,654,000"
"Aug 11, 2017",0.008226,0.008709,0.007922,0.008323,"13,007,000","234,237,000"
"Aug 10, 2017",0.009121,0.009247,0.00831,0.00831,"10,293,200","259,440,000"
"Aug 09, 2017",0.009457,0.00975,0.008979,0.009106,"6,640,460","268,727,000"
"Aug 08, 2017",0.009327,0.009986,0.0091,0.009448,"8,507,530","264,789,000"
"Aug 07, 2017",0.009232,0.00968,0.009116,0.009344,"8,307,390","261,866,000"
"Aug 06, 2017",0.009779,0.009974,0.009186,0.009231,"5,891,150","277,152,000"
"Aug 05, 2017",0.009053,0.010057,0.008977,0.009799,"9,379,230","256,391,000"
"Aug 04, 2017",0.009146,0.009455,0.009092,0.009092,"7,388,260","258,804,000"
"Aug 03, 2017",0.008672,0.009257,0.00853,0.009111,"5,825,440","245,170,000"
"Aug 02, 2017",0.008637,0.009105,0.008431,0.008699,"7,756,700","243,972,000"
"Aug 01, 2017",0.008052,0.009137,0.007842,0.008677,"9,803,780","227,224,000"
"Jul 31, 2017",0.00802,0.008225,0.007653,0.008058,"4,179,200","226,138,000"
"Jul 30, 2017",0.008437,0.008453,0.007773,0.008031,"3,863,540","237,647,000"
"Jul 29, 2017",0.007968,0.008458,0.00755,0.008427,"4,394,720","224,159,000"
"Jul 28, 2017",0.008461,0.00856,0.007589,0.008027,"7,549,660","237,769,000"
"Jul 27, 2017",0.008577,0.008734,0.008223,0.008455,"4,758,040","240,807,000"
"Jul 26, 2017",0.008753,0.009089,0.007907,0.008532,"7,731,680","245,524,000"
"Jul 25, 2017",0.010984,0.011094,0.008109,0.008791,"18,975,600","307,759,000"
"Jul 24, 2017",0.010014,0.011327,0.009477,0.010984,"25,162,500","280,308,000"
"Jul 23, 2017",0.010041,0.010574,0.00886,0.010032,"17,833,900","280,781,000"
"Jul 22, 2017",0.008949,0.010398,0.008924,0.010053,"14,279,900","250,018,000"
"Jul 21, 2017",0.008892,0.009422,0.008602,0.008939,"9,707,960","248,157,000"
"Jul 20, 2017",0.007337,0.00899,0.007337,0.008761,"9,314,570","204,606,000"
"Jul 19, 2017",0.007787,0.008274,0.007137,0.007339,"8,796,440","216,983,000"
"Jul 18, 2017",0.007212,0.008129,0.006723,0.007761,"10,157,300","200,778,000"
"Jul 17, 2017",0.00585,0.007211,0.00585,0.00717,"7,221,400","162,699,000"
"Jul 16, 2017",0.006262,0.006532,0.005524,0.005833,"5,470,070","173,998,000"
"Jul 15, 2017",0.007008,0.007027,0.006181,0.006282,"4,785,200","194,503,000"
"Jul 14, 2017",0.007916,0.007946,0.006897,0.006987,"6,414,700","219,525,000"
"Jul 13, 2017",0.008976,0.009336,0.007481,0.007886,"12,324,300","248,633,000"
"Jul 12, 2017",0.006867,0.008924,0.00652,0.008924,"14,168,400","190,031,000"
"Jul 11, 2017",0.007519,0.007759,0.005961,0.006947,"19,583,900","207,856,000"
"Jul 10, 2017",0.009784,0.009852,0.006863,0.00768,"13,567,500","270,239,000"
"Jul 09, 2017",0.010866,0.011323,0.009782,0.009782,"9,814,290","299,860,000"
"Jul 08, 2017",0.010211,0.010855,0.008912,0.010855,"20,421,000","281,480,000"
"Jul 07, 2017",0.012357,0.012437,0.009721,0.010217,"18,271,700","340,313,000"
"Jul 06, 2017",0.01296,0.013081,0.012268,0.012311,"8,812,730","356,501,000"
"Jul 05, 2017",0.013388,0.013388,0.012567,0.012953,"8,529,170","367,905,000"
"Jul 04, 2017",0.013675,0.014242,0.013207,0.013354,"9,453,090","375,388,000"
"Jul 03, 2017",0.013128,0.014814,0.012366,0.013694,"20,454,200","360,060,000"
"Jul 02, 2017",0.012813,0.0133,0.011631,0.013083,"15,819,000","351,045,000"
"Jul 01, 2017",0.014319,0.014398,0.012387,0.012829,"10,025,100","391,898,000"
"Jun 30, 2017",0.01517,0.015277,0.014132,0.014268,"7,334,430","414,773,000"
"Jun 29, 2017",0.016431,0.01651,0.014951,0.015176,"11,464,800","448,698,000"
"Jun 28, 2017",0.015462,0.016529,0.014826,0.016454,"18,103,800","421,813,000"
"Jun 27, 2017",0.015333,0.016256,0.01304,0.015304,"22,702,200","417,768,000"
"Jun 26, 2017",0.01616,0.016781,0.012761,0.015333,"27,113,100","439,867,000"
"Jun 25, 2017",0.016837,0.018413,0.015563,0.016173,"19,935,300","457,829,000"
"Jun 24, 2017",0.018914,0.019343,0.016771,0.016932,"9,400,220","513,770,000"
"Jun 23, 2017",0.019378,0.020091,0.018372,0.018969,"35,910,700","525,836,000"
"Jun 22, 2017",0.01879,0.01942,0.017986,0.019345,"26,403,300","509,362,000"
"Jun 21, 2017",0.018875,0.019935,0.017883,0.018817,"27,763,200","511,098,000"
"Jun 20, 2017",0.019511,0.022364,0.0184,0.018842,"75,255,900","527,770,000"
"Jun 19, 2017",0.015906,0.020173,0.015473,0.019446,"58,745,100","429,819,000"
"Jun 18, 2017",0.016509,0.017139,0.015147,0.015913,"21,656,800","445,594,000"
"Jun 17, 2017",0.015681,0.017573,0.015011,0.01655,"39,052,300","422,802,000"
"Jun 16, 2017",0.014472,0.016091,0.013474,0.015742,"28,864,200","389,793,000"
"Jun 15, 2017",0.014089,0.0148,0.012088,0.014413,"20,135,300","379,086,000"
"Jun 14, 2017",0.015761,0.015983,0.013488,0.014094,"17,277,000","423,649,000"
"Jun 13, 2017",0.014019,0.016346,0.013144,0.015787,"33,813,100","376,404,000"
"Jun 12, 2017",0.015223,0.016333,0.012811,0.013958,"29,227,000","408,262,000"
"Jun 11, 2017",0.015344,0.016671,0.01482,0.01524,"28,378,600","411,032,000"
"Jun 10, 2017",0.018536,0.018547,0.015406,0.015435,"40,792,200","495,932,000"
"Jun 09, 2017",0.014874,0.018624,0.014823,0.018624,"56,713,200","397,410,000"
"Jun 08, 2017",0.013986,0.01521,0.013348,0.014899,"29,928,200","373,208,000"
"Jun 07, 2017",0.015661,0.016735,0.013346,0.013905,"32,680,300","417,322,000"
"Jun 06, 2017",0.015418,0.01663,0.01385,0.015663,"45,840,900","410,288,000"
"Jun 05, 2017",0.014369,0.017244,0.014304,0.01539,"54,687,500","381,911,000"
"Jun 04, 2017",0.014459,0.017676,0.013428,0.014407,"113,518,000","383,845,000"
"Jun 03, 2017",0.010089,0.017093,0.009614,0.014981,"122,253,000","267,588,000"
"Jun 02, 2017",0.008513,0.010634,0.008436,0.010058,"39,687,800","225,553,000"
"Jun 01, 2017",0.007472,0.008527,0.007402,0.008492,"20,168,700","197,803,000"
"May 31, 2017",0.007782,0.007842,0.007145,0.007476,"15,261,900","205,818,000"
"May 30, 2017",0.008091,0.00881,0.007686,0.007797,"21,492,800","213,820,000"
"May 29, 2017",0.006693,0.008419,0.006593,0.008059,"14,410,100","176,717,000"
"May 28, 2017",0.006724,0.007701,0.006156,0.006738,"13,343,200","177,363,000"
"May 27, 2017",0.006962,0.007187,0.004751,0.006699,"18,964,100","183,440,000"
"May 26, 2017",0.009264,0.009692,0.00669,0.007124,"17,252,100","243,823,000"
"May 25, 2017",0.009057,0.010012,0.007383,0.009231,"27,509,800","238,103,000"
"May 24, 2017",0.00977,0.010272,0.008888,0.00915,"27,924,400","256,509,000"
"May 23, 2017",0.008834,0.011332,0.00878,0.009704,"45,783,500","231,558,000"
"May 22, 2017",0.010595,0.010595,0.007736,0.008868,"47,962,700","277,289,000"
"May 21, 2017",0.008649,0.012221,0.008649,0.01067,"69,203,400","225,975,000"
"May 20, 2017",0.006647,0.008374,0.006014,0.008259,"34,537,700","173,445,000"
"May 19, 2017",0.004161,0.006679,0.004022,0.006616,"27,964,900","108,436,000"
"May 18, 2017",0.004096,0.004355,0.003692,0.004111,"13,870,400","106,631,000"
"May 17, 2017",0.002616,0.004705,0.002566,0.004108,"25,735,100","68,037,000"
"May 16, 2017",0.002705,0.002729,0.002518,0.00262,"5,100,050","70,268,700"
"May 15, 2017",0.002736,0.002788,0.002462,0.002724,"5,851,600","70,985,200"
"May 14, 2017",0.002342,0.002723,0.002342,0.002723,"3,013,850","60,677,600"
"May 13, 2017",0.002241,0.002465,0.002157,0.002331,"1,951,460","57,993,900"
"May 12, 2017",0.002237,0.002435,0.002235,0.00225,"1,620,950","57,813,900"
"May 11, 2017",0.002423,0.002475,0.002142,0.002243,"2,066,880","62,544,500"
"May 10, 2017",0.002132,0.002556,0.00211,0.00243,"2,676,420","54,975,800"
"May 09, 2017",0.002432,0.002514,0.00201,0.002151,"3,556,110","62,650,400"
"May 08, 2017",0.002571,0.002713,0.002252,0.002402,"4,940,360","66,142,300"
"May 07, 2017",0.002582,0.002811,0.002241,0.002518,"6,525,370","66,368,200"
"May 06, 2017",0.00207,0.002593,0.002041,0.002593,"7,121,880","53,113,900"
"May 05, 2017",0.001545,0.002134,0.001545,0.002055,"6,703,420","39,612,000"
"May 04, 2017",0.001241,0.001541,0.001214,0.001541,"2,074,110","31,790,000"
"May 03, 2017",0.001238,0.001272,0.001191,0.001234,"883,880","31,669,100"
"May 02, 2017",0.001174,0.001281,0.00102,0.001247,"1,487,720","29,994,700"
"May 01, 2017",0.00124,0.001268,0.001053,0.001165,"1,915,370","31,637,600"
"Apr 30, 2017",0.000962,0.001294,0.000955,0.001248,"4,064,720","24,511,100"
"Apr 29, 2017",0.000906,0.000977,0.000902,0.000968,"675,803","23,066,000"
"Apr 28, 2017",0.000846,0.000919,0.000846,0.000906,"517,982","21,524,300"
"Apr 27, 2017",0.000837,0.000878,0.000825,0.00085,"426,860","21,264,200"
"Apr 26, 2017",0.000881,0.000883,0.000831,0.000837,"364,932","22,364,100"
"Apr 25, 2017",0.000782,0.000881,0.000774,0.000881,"706,869","19,819,500"
"Apr 24, 2017",0.000764,0.000787,0.000725,0.000782,"444,681","19,358,900"
"Apr 23, 2017",0.000778,0.000796,0.00074,0.00076,"233,284","19,690,100"
"Apr 22, 2017",0.000802,0.000819,0.000776,0.000786,"194,027","20,273,600"
"Apr 21, 2017",0.000784,0.00081,0.000736,0.000804,"366,117","19,788,400"
"Apr 20, 2017",0.000798,0.000841,0.000737,0.000776,"615,063","20,113,100"
"Apr 19, 2017",0.000873,0.000876,0.000786,0.000798,"647,432","21,973,600"
"Apr 18, 2017",0.000906,0.000906,0.000815,0.000861,"623,452","22,765,800"
"Apr 17, 2017",0.000876,0.000925,0.000833,0.000896,"763,858","21,997,000"
"Apr 16, 2017",0.000851,0.000888,0.000842,0.000878,"290,129","21,332,300"
"Apr 15, 2017",0.000852,0.000881,0.000822,0.00085,"406,976","21,337,800"
"Apr 14, 2017",0.000824,0.000906,0.000819,0.000849,"793,089","20,603,600"
"Apr 13, 2017",0.000841,0.000862,0.000801,0.000824,"478,334","21,001,500"
"Apr 12, 2017",0.000855,0.00092,0.000772,0.000841,"1,726,060","21,322,400"
"Apr 11, 2017",0.000614,0.000926,0.000608,0.000865,"4,743,150","15,289,000"
"Apr 10, 2017",0.000597,0.000627,0.000583,0.000613,"98,485","14,857,800"
"Apr 09, 2017",0.000589,0.000643,0.000578,0.000588,"228,646","14,658,700"
"Apr 08, 2017",0.000581,0.000608,0.000538,0.000598,"193,141","14,427,500"
"Apr 07, 2017",0.000638,0.000644,0.000559,0.000592,"251,943","15,836,500"
"Apr 06, 2017",0.000645,0.000658,0.000608,0.00064,"249,819","15,975,000"
"Apr 05, 2017",0.000584,0.000653,0.000577,0.000644,"229,181","14,449,600"
"Apr 04, 2017",0.000646,0.000683,0.00057,0.000583,"392,386","15,968,600"
"Apr 03, 2017",0.000606,0.000689,0.000606,0.000646,"319,478","14,962,200"
"Apr 02, 2017",0.000668,0.000738,0.000599,0.000615,"617,226","16,484,700"
"Apr 01, 2017",0.000702,0.000702,0.000636,0.000668,"243,441","17,277,600"
"Mar 31, 2017",0.000688,0.000787,0.000644,0.000697,"844,709","16,914,400"
"Mar 30, 2017",0.000607,0.000714,0.000603,0.000687,"608,691","14,919,600"
"Mar 29, 2017",0.000617,0.000626,0.000579,0.000607,"217,821","15,144,700"
"Mar 28, 2017",0.000536,0.000645,0.000518,0.000628,"401,527","13,140,800"
"Mar 27, 2017",0.000613,0.000622,0.000518,0.000537,"544,728","14,997,600"
"Mar 26, 2017",0.000495,0.000615,0.000486,0.00061,"456,405","12,103,200"
"Mar 25, 2017",0.000505,0.000517,0.000467,0.000495,"280,700","12,336,600"
"Mar 24, 2017",0.000562,0.000586,0.000497,0.000497,"299,515","13,691,700"
"Mar 23, 2017",0.000596,0.000626,0.000495,0.000555,"967,037","14,514,300"
"Mar 22, 2017",0.000567,0.000692,0.000545,0.000581,"960,944","13,796,800"
"Mar 21, 2017",0.000412,0.000646,0.000407,0.000564,"1,418,750","10,023,800"
"Mar 20, 2017",0.000403,0.000426,0.000388,0.000412,"94,529","9,791,970"
"Mar 19, 2017",0.000377,0.000419,0.000363,0.000403,"123,415","9,127,960"
"Mar 18, 2017",0.000388,0.000405,0.000353,0.000375,"203,471","9,397,900"
"Mar 17, 2017",0.000429,0.000429,0.000379,0.000388,"254,262","10,372,000"
"Mar 16, 2017",0.000393,0.00046,0.000393,0.00043,"398,863","9,503,350"
"Mar 15, 2017",0.000408,0.000411,0.000388,0.000393,"108,753","9,849,420"
"Mar 14, 2017",0.000414,0.000415,0.000388,0.000408,"189,916","9,980,280"
"Mar 13, 2017",0.000367,0.000421,0.000365,0.000404,"476,951","8,843,200"
"Mar 12, 2017",0.000331,0.000386,0.00033,0.000367,"159,884","7,955,860"
"Mar 11, 2017",0.000315,0.000345,0.000308,0.000332,"59,015","7,555,790"
"Mar 10, 2017",0.000326,0.000346,0.000297,0.000315,"152,785","7,810,340"
"Mar 09, 2017",0.000319,0.000344,0.000316,0.000326,"38,319","7,639,140"
"Mar 08, 2017",0.000346,0.000359,0.000318,0.000326,"114,309","8,270,700"
"Mar 07, 2017",0.000378,0.00038,0.000343,0.000346,"62,711","9,023,950"
"Mar 06, 2017",0.000356,0.00038,0.000345,0.000378,"49,651","8,487,500"
"Mar 05, 2017",0.000363,0.000367,0.000347,0.000349,"47,053","8,657,100"
"Mar 04, 2017",0.000383,0.000383,0.00035,0.000363,"77,945","9,119,250"
"Mar 03, 2017",0.000387,0.0004,0.000352,0.000383,"161,049","9,190,370"
"Mar 02, 2017",0.000357,0.0004,0.000333,0.000397,"192,232","8,470,430"
"Mar 01, 2017",0.00032,0.000414,0.000311,0.000356,"389,652","7,593,710"
"Feb 28, 2017",0.000323,0.00033,0.0003,0.00032,"53,504","7,641,660"
"Feb 27, 2017",0.000326,0.000339,0.00031,0.000322,"94,250","7,708,250"
"Feb 26, 2017",0.000311,0.000344,0.000309,0.000327,"36,629","7,350,880"
"Feb 25, 2017",0.000328,0.000328,0.000307,0.000311,"30,732","7,726,590"
"Feb 24, 2017",0.00033,0.000344,0.000307,0.000328,"64,747","7,766,270"
"Feb 23, 2017",0.000318,0.000349,0.00031,0.000328,"93,783","7,471,180"
"Feb 22, 2017",0.000334,0.000343,0.000316,0.000318,"29,109","7,844,400"
"Feb 21, 2017",0.000333,0.000344,0.000309,0.000334,"101,650","7,812,850"
"Feb 20, 2017",0.00034,0.000349,0.000321,0.000324,"48,282","7,956,120"
"Feb 19, 2017",0.00034,0.000357,0.000332,0.000339,"30,846","7,963,660"
"Feb 18, 2017",0.000357,0.000367,0.00034,0.000349,"54,390","8,353,700"
"Feb 17, 2017",0.000352,0.000372,0.000348,0.000357,"47,142","8,222,820"
"Feb 16, 2017",0.000363,0.000381,0.000356,0.00036,"42,895","8,454,600"
"Feb 15, 2017",0.000361,0.000372,0.000352,0.000363,"48,998","8,401,520"
"Feb 14, 2017",0.000349,0.000379,0.000331,0.00036,"127,465","8,110,100"
"Feb 13, 2017",0.000371,0.00038,0.000342,0.000349,"95,103","8,601,740"
"Feb 12, 2017",0.00038,0.000381,0.00037,0.000371,"35,377","8,820,690"
"Feb 11, 2017",0.000373,0.000383,0.000357,0.000381,"32,678","8,647,180"
"Feb 10, 2017",0.000384,0.00039,0.000349,0.000366,"67,075","8,875,530"
"Feb 09, 2017",0.000398,0.000408,0.00035,0.000385,"165,171","9,184,110"
"Feb 08, 2017",0.000405,0.000419,0.000393,0.000397,"73,753","9,348,490"
"Feb 07, 2017",0.000417,0.000424,0.000402,0.000405,"112,054","9,608,270"
"Feb 06, 2017",0.000401,0.000423,0.000392,0.000423,"155,032","9,231,120"
"Feb 05, 2017",0.000396,0.000408,0.000385,0.000401,"78,120","9,093,620"
"Feb 04, 2017",0.00039,0.000408,0.000377,0.000395,"111,986","8,942,850"
"Feb 03, 2017",0.000385,0.000393,0.000365,0.000389,"101,149","8,834,990"
"Feb 02, 2017",0.000386,0.0004,0.000378,0.000386,"48,847","8,825,760"
"Feb 01, 2017",0.000378,0.000402,0.000369,0.000386,"114,793","8,652,630"
"Jan 31, 2017",0.000377,0.000387,0.000355,0.000378,"173,116","8,605,130"
"Jan 30, 2017",0.000369,0.000386,0.00036,0.000369,"63,094","8,406,820"
"Jan 29, 2017",0.000379,0.000388,0.000361,0.000369,"89,740","8,628,540"
"Jan 28, 2017",0.000376,0.000411,0.00037,0.000386,"192,873","8,543,650"
"Jan 27, 2017",0.000357,0.000393,0.000349,0.000376,"189,887","8,100,570"
"Jan 26, 2017",0.000329,0.000366,0.000326,0.000356,"103,386","7,468,020"
"Jan 25, 2017",0.000333,0.000348,0.000325,0.000336,"91,931","7,536,580"
"Jan 24, 2017",0.000355,0.000358,0.000333,0.000333,"77,005","8,018,380"
"Jan 23, 2017",0.00036,0.000377,0.000351,0.000365,"51,177","8,124,350"
"Jan 22, 2017",0.000351,0.000375,0.000351,0.00036,"151,265","7,907,110"
"Jan 21, 2017",0.000342,0.000368,0.000326,0.000352,"127,389","7,708,160"
"Jan 20, 2017",0.000368,0.000399,0.000336,0.00035,"278,815","8,271,680"
"Jan 19, 2017",0.000365,0.000376,0.000345,0.000368,"139,704","8,191,670"
"Jan 18, 2017",0.000363,0.000373,0.000343,0.000363,"75,732","8,149,460"
"Jan 17, 2017",0.000357,0.000379,0.000352,0.000371,"303,586","7,993,570"
"Jan 16, 2017",0.000351,0.000371,0.000337,0.000357,"242,415","7,844,220"
"Jan 15, 2017",0.000316,0.000387,0.0003,0.000351,"538,389","7,049,460"
"Jan 14, 2017",0.000284,0.00033,0.000284,0.000303,"175,915","6,340,010"
"Jan 13, 2017",0.000265,0.000293,0.000258,0.000284,"75,499","5,913,190"
"Jan 12, 2017",0.000257,0.000279,0.000253,0.000266,"56,279","5,714,840"
"Jan 11, 2017",0.000316,0.000327,0.000249,0.000257,"170,883","7,032,800"
"Jan 10, 2017",0.000333,0.000344,0.000301,0.000316,"165,638","7,399,990"
"Jan 09, 2017",0.000344,0.000358,0.000321,0.000335,"256,685","7,611,160"
"Jan 08, 2017",0.000288,0.000365,0.00027,0.000351,"505,883","6,371,760"
"Jan 07, 2017",0.00025,0.000306,0.000233,0.000288,"187,195","5,526,300"
"Jan 06, 2017",0.00029,0.000291,0.00024,0.000256,"68,197","6,392,490"
"Jan 05, 2017",0.000295,0.000337,0.000244,0.000284,"239,972","6,493,310"
"Jan 04, 2017",0.000253,0.000289,0.000243,0.000285,"128,132","5,564,380"
"Jan 03, 2017",0.000238,0.000254,0.000237,0.000253,"50,171","5,230,440"
"Jan 02, 2017",0.00023,0.00025,0.000229,0.000238,"42,093","5,042,000"
"Jan 01, 2017",0.000242,0.000246,0.00022,0.00023,"43,397","5,289,400"
"Dec 31, 2016",0.000234,0.000249,0.000229,0.000242,"36,701","5,122,660"
"Dec 30, 2016",0.000214,0.000254,0.000213,0.000242,"148,828","4,668,430"
"Dec 29, 2016",0.000206,0.000222,0.000203,0.000214,"27,161","4,491,410"
"Dec 28, 2016",0.000213,0.000217,0.000204,0.000206,"35,730","4,631,110"
"Dec 27, 2016",0.000209,0.000215,0.000201,0.000206,"14,307","4,550,320"
"Dec 26, 2016",0.000213,0.000217,0.000207,0.000209,"11,989","4,623,450"
"Dec 25, 2016",0.000212,0.000215,0.000201,0.000207,"20,414","4,596,600"
"Dec 24, 2016",0.000201,0.00022,0.000191,0.000212,"33,417","4,353,630"
"Dec 23, 2016",0.000204,0.000217,0.000193,0.000201,"52,867","4,418,810"
"Dec 22, 2016",0.000218,0.000223,0.000203,0.000204,"53,217","4,713,630"
"Dec 21, 2016",0.000214,0.000221,0.000203,0.000218,"34,977","4,613,320"
"Dec 20, 2016",0.000214,0.000219,0.000206,0.000214,"23,294","4,608,160"
"Dec 19, 2016",0.000205,0.000222,0.000205,0.000214,"31,415","4,407,730"
"Dec 18, 2016",0.000201,0.000211,0.000198,0.000205,"21,640","4,316,230"
"Dec 17, 2016",0.000211,0.000222,0.0002,0.000201,"25,672","4,530,700"
"Dec 16, 2016",0.000219,0.000224,0.000211,0.000216,"25,053","4,684,750"
"Dec 15, 2016",0.000226,0.000229,0.000218,0.000219,"21,840","4,820,720"
"Dec 14, 2016",0.000227,0.000233,0.000219,0.00023,"25,072","4,836,720"
"Dec 13, 2016",0.000225,0.000238,0.000221,0.000227,"18,654","4,795,190"
"Dec 12, 2016",0.00023,0.000233,0.000216,0.000225,"30,009","4,900,960"
"Dec 11, 2016",0.000244,0.000263,0.000224,0.00023,"37,905","5,179,140"
"Dec 10, 2016",0.000216,0.000269,0.000216,0.000238,"124,224","4,574,570"
"Dec 09, 2016",0.000209,0.000224,0.0002,0.000216,"31,497","4,424,660"
"Dec 08, 2016",0.000201,0.000216,0.000199,0.000209,"20,720","4,236,870"
"Dec 07, 2016",0.000186,0.000221,0.000186,0.000201,"27,750","3,913,850"
"Dec 06, 2016",0.0002,0.000204,0.000185,0.000186,"34,191","4,216,310"
"Dec 05, 2016",0.000209,0.000214,0.000191,0.0002,"19,728","4,396,240"
"Dec 04, 2016",0.000215,0.000224,0.000204,0.000204,"23,939","4,513,880"
"Dec 03, 2016",0.000194,0.000236,0.000194,0.000215,"61,116","4,056,690"
"Dec 02, 2016",0.00021,0.00021,0.000182,0.000194,"60,893","4,394,740"
"Dec 01, 2016",0.000219,0.000222,0.000204,0.000205,"45,876","4,587,110"
"Nov 30, 2016",0.000232,0.000235,0.000215,0.000224,"35,469","4,848,460"
"Nov 29, 2016",0.000238,0.000242,0.000227,0.000236,"33,028","4,956,350"
"Nov 28, 2016",0.000244,0.000244,0.000233,0.000233,"17,456","5,073,470"
"Nov 27, 2016",0.000244,0.000253,0.000235,0.000244,"18,612","5,082,730"
"Nov 26, 2016",0.000253,0.000258,0.000244,0.000244,"23,589","5,254,600"
"Nov 25, 2016",0.000251,0.000264,0.000245,0.000255,"40,898","5,199,730"
"Nov 24, 2016",0.000272,0.00028,0.000239,0.000245,"61,111","5,637,670"
"Nov 23, 2016",0.000279,0.000287,0.000268,0.000272,"33,603","5,764,230"
"Nov 22, 2016",0.000282,0.000287,0.000274,0.000279,"38,033","5,815,400"
"Nov 21, 2016",0.000279,0.000293,0.000275,0.000276,"38,307","5,738,740"
"Nov 20, 2016",0.000286,0.000289,0.000275,0.000278,"38,556","5,874,280"
"Nov 19, 2016",0.000287,0.000293,0.000281,0.000286,"28,673","5,899,800"
"Nov 18, 2016",0.000298,0.000306,0.000282,0.000287,"36,841","6,122,400"
"Nov 17, 2016",0.000295,0.000307,0.000283,0.000295,"91,303","6,047,870"
"Nov 16, 2016",0.000314,0.00032,0.000294,0.000295,"55,123","6,419,360"
"Nov 15, 2016",0.000329,0.000332,0.000313,0.000314,"30,665","6,706,040"
"Nov 14, 2016",0.000327,0.000329,0.000316,0.000324,"45,933","6,665,290"
"Nov 13, 2016",0.000331,0.000336,0.000316,0.000321,"46,028","6,720,930"
"Nov 12, 2016",0.000321,0.000336,0.000316,0.00033,"44,148","6,503,540"
"Nov 11, 2016",0.000316,0.000328,0.000311,0.000321,"34,444","6,399,040"
"Nov 10, 2016",0.000324,0.00034,0.000315,0.000316,"26,229","6,554,530"
"Nov 09, 2016",0.000345,0.000351,0.000313,0.000324,"87,839","6,949,920"
"Nov 08, 2016",0.000348,0.000354,0.000336,0.000341,"44,058","7,008,160"
"Nov 07, 2016",0.000351,0.000361,0.000347,0.000348,"41,400","7,061,060"
"Nov 06, 2016",0.00036,0.000369,0.00035,0.000351,"32,105","7,232,830"
"Nov 05, 2016",0.000353,0.000368,0.000349,0.00036,"44,574","7,090,680"
"Nov 04, 2016",0.000361,0.000378,0.000344,0.000353,"89,342","7,233,630"
"Nov 03, 2016",0.000369,0.000378,0.000347,0.000361,"54,079","7,382,520"
"Nov 02, 2016",0.000354,0.000379,0.000353,0.000368,"42,597","7,091,660"
"Nov 01, 2016",0.000376,0.000389,0.000351,0.000354,"108,358","7,525,080"
"Oct 31, 2016",0.00038,0.000416,0.000364,0.000377,"131,336","7,582,680"
"Oct 30, 2016",0.000353,0.000397,0.000351,0.00038,"86,241","7,040,270"
"Oct 29, 2016",0.000385,0.000395,0.000345,0.000353,"120,215","7,660,350"
"Oct 28, 2016",0.000409,0.000417,0.000375,0.00038,"88,005","8,131,960"
"Oct 27, 2016",0.000425,0.000429,0.000396,0.000413,"124,575","8,436,550"
"Oct 26, 2016",0.00045,0.000457,0.000414,0.000425,"139,959","8,929,030"
"Oct 25, 2016",0.000434,0.000474,0.000431,0.00045,"237,477","8,586,170"
"Oct 24, 2016",0.000436,0.000444,0.000425,0.000434,"68,522","8,607,960"
"Oct 23, 2016",0.000442,0.000446,0.000427,0.000435,"58,681","8,711,940"
"Oct 22, 2016",0.000451,0.000465,0.000422,0.000441,"184,700","8,890,580"
"Oct 21, 2016",0.000442,0.000463,0.00043,0.000451,"123,915","8,695,220"
"Oct 20, 2016",0.000452,0.00046,0.000431,0.000442,"131,645","8,867,500"
"Oct 19, 2016",0.000396,0.000453,0.000396,0.000437,"156,386","7,755,740"
"Oct 18, 2016",0.000395,0.000405,0.00039,0.000396,"29,762","7,729,390"
"Oct 17, 2016",0.000414,0.000424,0.000388,0.000405,"71,881","8,083,730"
"Oct 16, 2016",0.000429,0.000429,0.00041,0.000414,"36,332","8,358,280"
"Oct 15, 2016",0.000438,0.000441,0.000424,0.000429,"20,861","8,514,170"
"Oct 14, 2016",0.000428,0.000442,0.000421,0.000437,"32,723","8,319,880"
"Oct 13, 2016",0.000428,0.000461,0.00042,0.000428,"78,766","8,307,210"
"Oct 12, 2016",0.000454,0.000459,0.000421,0.000428,"83,810","8,784,480"
"Oct 11, 2016",0.000452,0.000463,0.000443,0.000454,"57,989","8,736,540"
"Oct 10, 2016",0.000452,0.000469,0.00044,0.000452,"56,252","8,717,780"
"Oct 09, 2016",0.000449,0.000456,0.000442,0.000452,"41,654","8,647,320"
"Oct 08, 2016",0.000453,0.000459,0.000445,0.000449,"24,878","8,698,490"
"Oct 07, 2016",0.000454,0.000462,0.000448,0.000452,"34,045","8,708,030"
"Oct 06, 2016",0.000456,0.000468,0.000446,0.000454,"32,938","8,743,280"
"Oct 05, 2016",0.000465,0.00047,0.000454,0.000457,"33,253","8,893,610"
"Oct 04, 2016",0.00047,0.000486,0.000445,0.000465,"113,366","8,976,650"
"Oct 03, 2016",0.000469,0.000486,0.000465,0.00047,"63,126","8,929,680"
"Oct 02, 2016",0.000473,0.000477,0.00046,0.00046,"41,746","8,986,560"
"Oct 01, 2016",0.000491,0.000491,0.000465,0.000469,"46,567","9,319,560"
"Sep 30, 2016",0.00047,0.000491,0.000465,0.000488,"57,720","8,910,620"
"Sep 29, 2016",0.000474,0.000492,0.000463,0.00047,"78,739","8,960,380"
"Sep 28, 2016",0.00048,0.000486,0.000469,0.000474,"62,486","9,067,460"
"Sep 27, 2016",0.000487,0.000489,0.000472,0.00048,"54,927","9,170,610"
"Sep 26, 2016",0.000492,0.000498,0.00048,0.000487,"43,298","9,250,080"
"Sep 25, 2016",0.000498,0.000503,0.000486,0.000487,"67,222","9,346,210"
"Sep 24, 2016",0.000498,0.000505,0.000492,0.000498,"35,135","9,339,600"
"Sep 23, 2016",0.000506,0.000506,0.00049,0.000498,"49,693","9,455,370"
"Sep 22, 2016",0.000519,0.000526,0.000493,0.000505,"98,408","9,698,540"
"Sep 21, 2016",0.000537,0.000554,0.000508,0.000519,"211,683","10,010,400"
"Sep 20, 2016",0.000493,0.000618,0.000483,0.000536,"539,596","9,181,940"
"Sep 19, 2016",0.000497,0.000503,0.00049,0.000493,"57,426","9,228,040"
"Sep 18, 2016",0.000494,0.000504,0.000493,0.0005,"55,632","9,156,870"
"Sep 17, 2016",0.000494,0.000507,0.000493,0.000497,"70,958","9,150,190"
"Sep 16, 2016",0.000503,0.000514,0.000493,0.000494,"98,948","9,291,610"
"Sep 15, 2016",0.000506,0.000517,0.000493,0.000498,"114,561","9,333,980"
"Sep 14, 2016",0.000505,0.000511,0.000496,0.000511,"96,419","9,285,790"
"Sep 13, 2016",0.000508,0.000512,0.000494,0.0005,"60,120","9,324,700"
"Sep 12, 2016",0.000494,0.000515,0.000489,0.000506,"81,358","9,062,790"
"Sep 11, 2016",0.00053,0.000535,0.00049,0.000502,"85,772","9,701,850"
"Sep 10, 2016",0.000532,0.000545,0.000521,0.000529,"80,032","9,705,290"
"Sep 09, 2016",0.000526,0.000563,0.000503,0.000532,"268,162","9,578,240"
"Sep 08, 2016",0.000647,0.000647,0.000512,0.000521,"644,849","11,759,900"
"Sep 07, 2016",0.000439,0.000755,0.00043,0.000637,"2,666,820","7,971,290"
"Sep 06, 2016",0.000447,0.000449,0.000433,0.000444,"56,223","8,092,240"
"Sep 05, 2016",0.000452,0.000459,0.000432,0.000447,"67,370","8,170,920"
"Sep 04, 2016",0.000442,0.000454,0.000435,0.000452,"47,865","7,977,990"
"Sep 03, 2016",0.000437,0.000455,0.000431,0.000444,"54,414","7,879,120"
"Sep 02, 2016",0.000442,0.000446,0.000433,0.000437,"30,090","7,941,110"
"Sep 01, 2016",0.000435,0.000449,0.000428,0.000441,"50,991","7,799,320"
"Aug 31, 2016",0.000446,0.000451,0.000427,0.000431,"60,748","7,985,130"
"Aug 30, 2016",0.000448,0.000461,0.00044,0.000446,"60,706","8,017,140"
"Aug 29, 2016",0.000442,0.000465,0.000442,0.000448,"102,034","7,895,520"
"Aug 28, 2016",0.000449,0.000464,0.00044,0.000443,"76,341","7,998,430"
"Aug 27, 2016",0.000462,0.00049,0.000449,0.000449,"79,158","8,212,710"
"Aug 26, 2016",0.000441,0.000488,0.000424,0.00047,"140,121","7,826,260"
"Aug 25, 2016",0.000454,0.000456,0.000432,0.000441,"52,423","8,038,230"
"Aug 24, 2016",0.000468,0.000472,0.00044,0.000454,"153,027","8,272,870"
"Aug 23, 2016",0.000493,0.0005,0.000467,0.000467,"90,180","8,691,250"
"Aug 22, 2016",0.000507,0.00051,0.000475,0.000493,"85,889","8,922,560"
"Aug 21, 2016",0.000512,0.000517,0.000505,0.000506,"23,553","9,002,800"
"Aug 20, 2016",0.000511,0.000517,0.000504,0.000512,"41,105","8,975,280"
"Aug 19, 2016",0.000522,0.000524,0.000502,0.000512,"57,517","9,139,610"
"Aug 18, 2016",0.000499,0.000533,0.000499,0.000522,"72,095","8,724,490"
"Aug 17, 2016",0.000502,0.000514,0.000498,0.0005,"37,205","8,749,990"
"Aug 16, 2016",0.000499,0.00051,0.000494,0.000502,"29,070","8,685,080"
"Aug 15, 2016",0.000505,0.000513,0.000494,0.000499,"46,133","8,771,760"
"Aug 14, 2016",0.000518,0.000524,0.000497,0.000506,"86,652","8,976,860"
"Aug 13, 2016",0.000519,0.000541,0.000515,0.000518,"57,457","8,964,060"
"Aug 12, 2016",0.000559,0.000565,0.000518,0.000519,"101,781","9,639,410"
"Aug 11, 2016",0.000503,0.000584,0.000503,0.000559,"269,640","8,651,150"
"Aug 10, 2016",0.000513,0.000518,0.000497,0.000502,"147,918","8,819,540"
"Aug 09, 2016",0.000532,0.000539,0.00051,0.00051,"126,176","9,119,760"
"Aug 08, 2016",0.000545,0.000545,0.000527,0.000532,"84,446","9,335,640"
"Aug 07, 2016",0.000555,0.000559,0.000539,0.000542,"79,723","9,489,600"
"Aug 06, 2016",0.00056,0.00056,0.000541,0.000549,"81,829","9,546,960"
"Aug 05, 2016",0.000548,0.000566,0.000538,0.00056,"150,148","9,318,970"
"Aug 04, 2016",0.000536,0.000565,0.000533,0.000548,"193,820","9,101,370"
"Aug 03, 2016",0.000515,0.00055,0.000515,0.000533,"146,329","8,712,740"
"Aug 02, 2016",0.000612,0.000621,0.000494,0.000509,"247,423","10,337,000"
"Aug 01, 2016",0.000634,0.000636,0.000614,0.000614,"97,674","10,696,300"
"Jul 31, 2016",0.000647,0.00065,0.000623,0.000631,"145,890","10,884,000"
"Jul 30, 2016",0.000658,0.000668,0.000645,0.000647,"82,112","11,048,400"
"Jul 29, 2016",0.000656,0.000674,0.000652,0.000663,"147,683","10,987,900"
"Jul 28, 2016",0.000644,0.000671,0.000625,0.000656,"261,200","10,759,700"
"Jul 27, 2016",0.000653,0.000659,0.000631,0.000646,"290,687","10,888,200"
"Jul 26, 2016",0.000661,0.000676,0.000624,0.000648,"354,516","11,004,700"
"Jul 25, 2016",0.000668,0.000682,0.000653,0.00066,"118,743","11,085,800"
"Jul 24, 2016",0.000698,0.000703,0.000638,0.000667,"248,237","11,569,400"
"Jul 23, 2016",0.000704,0.000711,0.000687,0.000698,"149,564","11,644,600"
"Jul 22, 2016",0.000697,0.000745,0.000697,0.000703,"296,044","11,510,900"
"Jul 21, 2016",0.000684,0.00071,0.000684,0.0007,"161,759","11,269,700"
"Jul 20, 2016",0.000668,0.000732,0.000659,0.000687,"289,871","10,982,000"
"Jul 19, 2016",0.000682,0.000689,0.000655,0.000668,"174,794","11,185,200"
"Jul 18, 2016",0.000701,0.000709,0.000664,0.000683,"193,099","11,494,400"
"Jul 17, 2016",0.000731,0.000737,0.000697,0.000697,"154,949","11,954,300"
"Jul 16, 2016",0.000778,0.000778,0.000716,0.000735,"307,901","12,706,400"
"Jul 15, 2016",0.000707,0.000801,0.000693,0.000779,"661,272","11,526,800"
"Jul 14, 2016",0.000617,0.000724,0.000609,0.000724,"567,293","10,034,300"
"Jul 13, 2016",0.000598,0.00063,0.000577,0.000617,"343,532","9,708,850"
"Jul 12, 2016",0.000619,0.000629,0.000586,0.000602,"408,557","10,028,100"
"Jul 11, 2016",0.000671,0.000677,0.000601,0.000619,"549,354","10,820,000"
"Jul 10, 2016",0.000704,0.000714,0.000665,0.000671,"128,334","11,319,800"
"Jul 09, 2016",0.000714,0.000716,0.000687,0.000711,"159,885","11,443,000"
"Jul 08, 2016",0.000678,0.000717,0.000678,0.000714,"127,261","10,831,200"
"Jul 07, 2016",0.00069,0.00074,0.000621,0.000677,"733,647","10,992,800"
"Jul 06, 2016",0.000741,0.000742,0.000681,0.000689,"402,315","11,787,100"
"Jul 05, 2016",0.000794,0.000796,0.000708,0.000737,"520,280","12,592,600"
"Jul 04, 2016",0.000784,0.000802,0.000772,0.000793,"200,809","12,413,300"
"Jul 03, 2016",0.000827,0.000832,0.000756,0.000783,"328,870","13,064,600"
"Jul 02, 2016",0.000778,0.000867,0.000775,0.000826,"639,552","12,255,100"
"Jul 01, 2016",0.000775,0.000826,0.000704,0.000772,"810,905","12,171,400"
"Jun 30, 2016",0.000798,0.000871,0.000753,0.000776,"731,193","12,506,400"
"Jun 29, 2016",0.000909,0.000931,0.000692,0.000799,"1,654,190","14,217,600"
"Jun 28, 2016",0.000978,0.001012,0.000852,0.000906,"1,948,120","15,245,100"
"Jun 27, 2016",0.001004,0.001052,0.000974,0.000994,"1,002,790","15,506,000"
"Jun 26, 2016",0.001125,0.001132,0.000929,0.001002,"2,565,030","17,386,800"
"Jun 25, 2016",0.0009,0.001127,0.0009,0.001125,"1,639,300","13,905,700"
"Jun 24, 2016",0.000886,0.000949,0.000824,0.000902,"847,850","13,680,100"
"Jun 23, 2016",0.000884,0.000896,0.000807,0.00089,"648,656","13,613,800"
"Jun 22, 2016",0.000805,0.000941,0.00079,0.000879,"1,091,890","12,362,100"
"Jun 21, 2016",0.000901,0.000901,0.000763,0.000829,"799,704","13,808,400"
"Jun 20, 2016",0.00094,0.000951,0.00086,0.000901,"571,516","14,369,500"
"Jun 19, 2016",0.000829,0.000953,0.000796,0.000939,"586,536","12,647,500"
"Jun 18, 2016",0.000973,0.000986,0.000797,0.000829,"1,110,810","14,815,700"
"Jun 17, 2016",0.000843,0.000994,0.000766,0.000973,"2,837,720","12,792,800"
"Jun 16, 2016",0.000652,0.000869,0.000652,0.000853,"1,717,450","9,867,410"
"Jun 15, 2016",0.000646,0.000672,0.00064,0.00065,"486,566","9,752,000"
"Jun 14, 2016",0.000646,0.000693,0.00061,0.000641,"910,244","9,732,440"
"Jun 13, 2016",0.00059,0.00066,0.00057,0.000647,"1,073,960","8,853,470"
"Jun 12, 2016",0.000516,0.00059,0.000499,0.000587,"915,279","7,728,400"
"Jun 11, 2016",0.000492,0.000543,0.000482,0.000515,"501,624","7,337,300"
"Jun 10, 2016",0.000553,0.000554,0.000492,0.000492,"555,567","8,234,360"
"Jun 09, 2016",0.000569,0.000576,0.00053,0.000553,"729,373","8,458,220"
"Jun 08, 2016",0.000588,0.00066,0.000537,0.00057,"1,995,130","8,706,200"
"Jun 07, 2016",0.000443,0.000651,0.000443,0.000581,"3,126,620","6,541,360"
"Jun 06, 2016",0.000424,0.000457,0.000422,0.000443,"463,392","6,247,200"
"Jun 05, 2016",0.000329,0.000424,0.000329,0.000424,"640,365","4,830,150"
"Jun 04, 2016",0.000327,0.000336,0.000324,0.000329,"68,167","4,787,430"
"Jun 03, 2016",0.00032,0.000338,0.000314,0.000327,"136,792","4,673,890"
"Jun 02, 2016",0.000337,0.000346,0.00031,0.00032,"140,893","4,904,840"
"Jun 01, 2016",0.000325,0.00034,0.000308,0.000337,"140,587","4,715,890"
"May 31, 2016",0.000314,0.000358,0.000308,0.000325,"304,141","4,550,660"
"May 30, 2016",0.000262,0.000314,0.000258,0.000314,"197,208","3,784,350"
"May 29, 2016",0.000256,0.000274,0.000249,0.000262,"66,232","3,694,100"
"May 28, 2016",0.000265,0.000277,0.00025,0.000256,"127,769","3,808,490"
"May 27, 2016",0.000277,0.000289,0.000254,0.000265,"189,885","3,966,220"
"May 26, 2016",0.00025,0.000292,0.00025,0.000274,"265,496","3,576,200"
"May 25, 2016",0.000245,0.000257,0.000237,0.00025,"109,325","3,496,320"
"May 24, 2016",0.000265,0.000278,0.000243,0.000245,"144,039","3,760,630"
"May 23, 2016",0.000313,0.00032,0.000248,0.000265,"286,876","4,431,830"
"May 22, 2016",0.000314,0.000338,0.00029,0.000314,"325,189","4,428,400"
"May 21, 2016",0.000277,0.000336,0.000277,0.000317,"470,098","3,893,120"
"May 20, 2016",0.000272,0.000341,0.00024,0.000279,"1,076,170","3,816,010"
"May 19, 2016",0.000164,0.000278,0.000162,0.00027,"954,121","2,288,070"
"May 18, 2016",0.000172,0.000172,0.000157,0.000164,"147,181","2,392,970"
"May 17, 2016",0.000118,0.000187,0.000118,0.000172,"610,479","1,643,350"
"May 16, 2016",0.000119,0.000123,0.000113,0.000118,"6,362","1,651,710"
"May 15, 2016",0.000109,0.000124,0.000109,0.000119,"9,514","1,515,330"
"May 14, 2016",0.000114,0.000119,0.000109,0.000109,"8,298","1,575,200"
"May 13, 2016",0.000114,0.000118,0.000109,0.000114,"16,782","1,568,350"
"May 12, 2016",0.000113,0.000122,0.000108,0.000114,"19,764","1,557,130"
"May 11, 2016",0.000117,0.000118,0.000109,0.000113,"9,719","1,607,710"
"May 10, 2016",0.000111,0.000122,0.000104,0.000113,"21,183","1,511,660"
"May 09, 2016",0.000124,0.000133,0.00011,0.000111,"41,960","1,688,510"
"May 08, 2016",0.000105,0.000128,0.000105,0.000124,"54,768","1,433,220"
"May 07, 2016",0.000097,0.00011,0.000096,0.00011,"8,649","1,307,980"
"May 06, 2016",0.000103,0.000108,0.000095,0.000097,"11,768","1,392,500"
"May 05, 2016",0.000103,0.000108,0.000098,0.000103,"13,169","1,384,970"
"May 04, 2016",0.00009,0.000107,0.000085,0.000103,"23,939","1,210,240"
"May 03, 2016",0.000085,0.000099,0.000076,0.00009,"31,524","1,133,220"
"May 02, 2016",0.000086,0.000086,0.00008,0.000085,"5,819","1,148,000"
"May 01, 2016",0.000085,0.00009,0.000081,0.000086,"2,704","1,136,230"
"Apr 30, 2016",0.000086,0.000091,0.000081,0.000085,"5,912","1,149,610"
"Apr 29, 2016",0.00009,0.000091,0.000082,0.000086,"5,999","1,191,010"
"Apr 28, 2016",0.000084,0.000093,0.00008,0.00009,"20,020","1,117,440"
"Apr 27, 2016",0.000084,0.000089,0.000077,0.000084,"12,346","1,106,240"
"Apr 26, 2016",0.000083,0.000088,0.00007,0.000084,"30,698","1,091,760"
"Apr 25, 2016",0.000092,0.000092,0.000074,0.000083,"32,913","1,202,510"
"Apr 24, 2016",0.000099,0.0001,0.00009,0.000092,"9,249","1,295,030"
"Apr 23, 2016",0.000107,0.000107,0.000094,0.000095,"9,355","1,394,580"
"Apr 22, 2016",0.000094,0.000107,0.000094,0.000107,"6,145","1,226,120"
"Apr 21, 2016",0.000106,0.000112,0.00009,0.000094,"31,406","1,371,400"
"Apr 20, 2016",0.000105,0.00011,0.0001,0.000102,"16,404","1,348,980"
"Apr 19, 2016",0.000111,0.000112,0.000103,0.000105,"11,401","1,434,020"
"Apr 18, 2016",0.000111,0.000115,0.000107,0.000111,"6,372","1,426,610"
"Apr 17, 2016",0.000108,0.000116,0.000103,0.000111,"12,111","1,378,390"
"Apr 16, 2016",0.000112,0.00012,0.000107,0.000108,"7,598","1,426,840"
"Apr 15, 2016",0.000127,0.000128,0.000107,0.000112,"24,102","1,620,940"
"Apr 14, 2016",0.000114,0.000127,0.00011,0.000127,"17,028","1,452,680"
"Apr 13, 2016",0.000111,0.000119,0.000097,0.000114,"36,860","1,399,260"
"Apr 12, 2016",0.00011,0.000123,0.000102,0.000111,"27,445","1,386,670"
"Apr 11, 2016",0.000093,0.000147,0.000088,0.00011,"132,027","1,167,390"
"Apr 10, 2016",0.000105,0.000105,0.000089,0.000093,"31,590","1,313,820"
"Apr 09, 2016",0.000101,0.000109,0.000096,0.000105,"17,376","1,261,690"
"Apr 08, 2016",0.000106,0.000111,0.000092,0.000101,"28,479","1,315,600"
"Apr 07, 2016",0.000114,0.000114,0.000105,0.000106,"19,447","1,412,100"
"Apr 06, 2016",0.000119,0.000123,0.000106,0.00011,"22,232","1,466,530"
"Apr 05, 2016",0.000118,0.000123,0.000114,0.000119,"18,399","1,454,630"
"Apr 04, 2016",0.000114,0.000122,0.00011,0.000122,"12,031","1,397,340"
"Apr 03, 2016",0.000118,0.000122,0.000109,0.000114,"22,463","1,445,150"
"Apr 02, 2016",0.000121,0.000126,0.000114,0.000122,"27,190","1,475,290"
"Apr 01, 2016",0.000125,0.000125,0.000121,0.000121,"16,638","1,521,680"
"Mar 31, 2016",0.000125,0.000125,0.000116,0.000121,"17,435","1,513,330"
"Mar 30, 2016",0.000121,0.000129,0.000116,0.000124,"35,624","1,462,460"
"Mar 29, 2016",0.000127,0.000132,0.00012,0.000121,"14,815","1,536,470"
"Mar 28, 2016",0.000111,0.000128,0.000111,0.000127,"21,781","1,333,380"
"Mar 27, 2016",0.000138,0.000144,0.000111,0.000111,"92,364","1,654,050"
"Mar 26, 2016",0.000138,0.000151,0.000134,0.000138,"19,270","1,644,790"
"Mar 25, 2016",0.000146,0.000155,0.000141,0.000142,"40,421","1,735,830"
"Mar 24, 2016",0.00013,0.00015,0.00013,0.000146,"64,451","1,539,240"
"Mar 23, 2016",0.00013,0.000142,0.000125,0.00013,"32,936","1,533,410"
"Mar 22, 2016",0.000132,0.000142,0.000121,0.00013,"60,340","1,558,380"
"Mar 21, 2016",0.000141,0.000156,0.000128,0.000132,"60,590","1,651,890"
"Mar 20, 2016",0.000144,0.000174,0.000135,0.000141,"189,619","1,682,320"
"Mar 19, 2016",0.000115,0.000147,0.00011,0.000144,"101,577","1,338,020"
"Mar 18, 2016",0.000118,0.000167,0.000107,0.000115,"285,355","1,370,770"
"Mar 17, 2016",0.0001,0.000126,0.000088,0.000114,"63,556","1,164,510"
"Mar 16, 2016",0.000104,0.000108,0.000096,0.0001,"16,075","1,206,820"
"Mar 15, 2016",0.000096,0.000104,0.000088,0.000104,"10,501","1,105,380"
"Mar 14, 2016",0.000095,0.000108,0.000095,0.000096,"17,594","1,095,850"
"Mar 13, 2016",0.000111,0.000112,0.000095,0.000095,"17,339","1,274,240"
"Mar 12, 2016",0.00011,0.000118,0.000103,0.000111,"41,450","1,250,250"
"Mar 11, 2016",0.000104,0.000118,0.0001,0.00011,"39,151","1,183,980"
"Mar 10, 2016",0.000087,0.000108,0.000087,0.000108,"28,836","984,761"
"Mar 09, 2016",0.000091,0.000104,0.000087,0.000091,"17,638","1,025,300"
"Mar 08, 2016",0.000104,0.000104,0.000086,0.000091,"21,368","1,162,250"
"Mar 07, 2016",0.000106,0.000123,0.000091,0.000104,"63,097","1,184,410"
"Mar 06, 2016",0.00008,0.000115,0.000071,0.000106,"98,535","893,136"
"Mar 05, 2016",0.000078,0.000082,0.000072,0.000076,"12,945","868,833"
"Mar 04, 2016",0.000084,0.000085,0.000075,0.000078,"9,369","936,792"
"Mar 03, 2016",0.000072,0.000084,0.000068,0.000084,"18,608","798,484"
"Mar 02, 2016",0.00007,0.000078,0.000069,0.000072,"15,669","769,010"
"Mar 01, 2016",0.000083,0.000084,0.000069,0.00007,"21,459","916,443"
"Feb 29, 2016",0.000074,0.000083,0.00007,0.000083,"30,235","808,695"
"Feb 28, 2016",0.000078,0.000083,0.00007,0.000074,"19,051","851,334"
"Feb 27, 2016",0.000078,0.000086,0.000073,0.000078,"15,357","848,871"
"Feb 26, 2016",0.000081,0.000085,0.000076,0.000078,"13,401","875,136"
"Feb 25, 2016",0.000085,0.00009,0.000076,0.000076,"10,341","918,481"
"Feb 24, 2016",0.000072,0.000094,0.000071,0.000089,"22,205","770,142"
"Feb 23, 2016",0.000083,0.000084,0.000071,0.000076,"15,354","892,327"
"Feb 22, 2016",0.000079,0.000083,0.00007,0.000083,"15,665","843,528"
"Feb 21, 2016",0.000079,0.000085,0.00007,0.00007,"13,822","837,949"
"Feb 20, 2016",0.000084,0.000088,0.000075,0.000079,"20,948","891,724"
"Feb 19, 2016",0.000084,0.000092,0.000071,0.000084,"28,690","892,053"
"Feb 18, 2016",0.000075,0.000097,0.000063,0.000084,"29,910","789,066"
"Feb 17, 2016",0.00009,0.000095,0.000071,0.000079,"31,628","940,652"
"Feb 16, 2016",0.0001,0.000109,0.000081,0.00009,"72,576","1,049,820"
"Feb 15, 2016",0.000106,0.000109,0.000085,0.0001,"65,628","1,105,160"
"Feb 14, 2016",0.000079,0.00011,0.000071,0.00011,"63,718","817,216"
"Feb 13, 2016",0.000096,0.000105,0.000062,0.000078,"149,371","996,271"
"Feb 12, 2016",0.000061,0.000146,0.000053,0.000096,"736,159","627,449"
"Feb 11, 2016",0.000038,0.000064,0.000038,0.000061,"51,054","393,697"
"Feb 10, 2016",0.000045,0.000049,0.000038,0.000042,"38,647","463,571"
"Feb 09, 2016",0.000052,0.00006,0.000045,0.000045,"46,116","534,195"
"Feb 08, 2016",0.00003,0.000076,0.00003,0.000052,"117,785","306,298"
"Feb 07, 2016",0.000026,0.000034,0.000026,0.00003,"8,330","265,936"
"Feb 06, 2016",0.000031,0.000034,0.000026,0.00003,"1,557","309,748"
"Feb 05, 2016",0.000031,0.000035,0.000027,0.000031,"3,990","310,387"
"Feb 04, 2016",0.000026,0.000035,0.000026,0.000031,"8,417","257,334"
"Feb 03, 2016",0.000026,0.000026,0.000022,0.000026,"1,346","259,594"
"Feb 02, 2016",0.000022,0.000026,0.000022,0.000026,249,"220,684"
"Feb 01, 2016",0.000026,0.00003,0.000022,0.000022,"1,342","254,472"
"Jan 31, 2016",0.000026,0.00003,0.000022,0.000022,"1,712","260,036"
"Jan 30, 2016",0.00003,0.00003,0.000023,0.000026,"2,702","297,006"
"Jan 29, 2016",0.000023,0.000031,0.000022,0.00003,"10,192","223,101"
"Jan 28, 2016",0.000024,0.000027,0.000023,0.000023,"3,721","231,333"
"Jan 27, 2016",0.000024,0.000028,0.000024,0.000024,371,"229,244"
"Jan 26, 2016",0.000024,0.000028,0.000023,0.000024,951,"228,462"
"Jan 25, 2016",0.000028,0.000028,0.00002,0.000024,"4,478","272,445"
"Jan 24, 2016",0.000027,0.000032,0.000023,0.000028,"1,275","261,785"
"Jan 23, 2016",0.000023,0.000031,0.000023,0.000027,"1,933","220,189"
"Jan 22, 2016",0.000029,0.000029,0.000023,0.000023,"4,223","274,038"
"Jan 21, 2016",0.000021,0.000029,0.00002,0.000029,"4,793","199,707"
"Jan 20, 2016",0.000019,0.000025,0.000019,0.000021,834,"179,938"
"Jan 19, 2016",0.000019,0.000023,0.000019,0.000019,"2,900","182,678"
"Jan 18, 2016",0.000019,0.000023,0.000015,0.000019,"2,764","179,524"
"Jan 17, 2016",0.000019,0.000023,0.000019,0.000019,"1,798","181,178"
"Jan 16, 2016",0.000022,0.000023,0.000018,0.000019,433,"204,558"
"Jan 15, 2016",0.000022,0.000025,0.000018,0.000022,750,"200,130"
"Jan 14, 2016",0.000022,0.000026,0.000017,0.000022,"1,081","200,320"
"Jan 13, 2016",0.000022,0.000026,0.000017,0.000022,"2,735","200,567"
"Jan 12, 2016",0.000027,0.000027,0.000018,0.000022,"1,921","246,898"
"Jan 11, 2016",0.000027,0.000027,0.000022,0.000027,"2,457","245,871"
"Jan 10, 2016",0.000022,0.000035,0.000022,0.000027,"11,334","203,698"
"Jan 09, 2016",0.000018,0.000027,0.000018,0.000022,"5,043","164,099"
"Jan 08, 2016",0.000018,0.000018,0.000014,0.000018,"1,274","164,862"
"Jan 07, 2016",0.000017,0.000018,0.000014,0.000018,638,"154,214"
"Jan 06, 2016",0.000017,0.000022,0.000017,0.000017,"2,210","154,263"
"Jan 05, 2016",0.000017,0.000022,0.000013,0.000017,"3,097","154,197"
"Jan 04, 2016",0.000022,0.000022,0.000013,0.000017,"2,322","191,441"
"Jan 02, 2016",0.000022,0.000022,0.000022,0.000022,869,"190,970"
"Jan 01, 2016",0.000017,0.000022,0.000017,0.000022,"1,036","150,906"
"Dec 31, 2015",0.000017,0.000017,0.000017,0.000017,41,"148,746"
"Dec 30, 2015",0.000017,0.000021,0.000017,0.000017,970,"150,760"
"Dec 29, 2015",0.000013,0.000021,0.000013,0.000017,"1,862","109,628"
"Dec 28, 2015",0.000017,0.000017,0.000013,0.000013,85,"145,596"
"Dec 27, 2015",0.000017,0.000021,0.000016,0.000017,"1,027","142,705"
"Dec 26, 2015",0.000018,0.000023,0.000012,0.000017,864,"155,312"
"Dec 25, 2015",0.000018,0.000023,0.000018,0.000018,"1,275","154,111"
"Dec 24, 2015",0.000022,0.000023,0.000018,0.000018,508,"186,281"
"Dec 23, 2015",0.000017,0.000022,0.000017,0.000022,"1,199","146,402"
"Dec 22, 2015",0.000017,0.000022,0.000013,0.000017,623,"145,790"
"Dec 21, 2015",0.000018,0.000022,0.000013,0.000018,956,"146,894"
"Dec 20, 2015",0.000018,0.000019,0.000013,0.000018,777,"152,748"
"Dec 19, 2015",0.000019,0.000023,0.000018,0.000018,351,"152,675"
"Dec 18, 2015",0.000018,0.000023,0.000014,0.000019,"1,158","149,712"
"Dec 17, 2015",0.000023,0.000023,0.000013,0.000018,264,"185,973"
"Dec 16, 2015",0.000014,0.000023,0.000013,0.000023,"2,351","113,677"
"Dec 15, 2015",0.000018,0.000019,0.000014,0.000014,935,"144,036"
"Dec 14, 2015",0.000022,0.000022,0.000017,0.000018,968,"175,008"
"Dec 13, 2015",0.000017,0.000022,0.000017,0.000022,"2,281","139,968"
"Dec 12, 2015",0.000014,0.000019,0.000012,0.000017,733,"108,625"
"Dec 11, 2015",0.000017,0.000022,0.000013,0.000014,931,"132,150"
"Dec 10, 2015",0.000017,0.000017,0.000012,0.000017,744,"132,247"
"Dec 09, 2015",0.000017,0.000017,0.000012,0.000017,943,"130,696"
"Dec 08, 2015",0.00002,0.00002,0.000016,0.000017,"2,712","154,612"
"Dec 07, 2015",0.000019,0.00002,0.000016,0.00002,475,"151,361"
"Dec 06, 2015",0.000019,0.00002,0.000016,0.000019,116,"150,452"
"Dec 05, 2015",0.000018,0.000023,0.000015,0.000019,"1,668","139,849"
"Dec 04, 2015",0.000022,0.000022,0.000018,0.000018,865,"165,962"
"Dec 03, 2015",0.000018,0.000022,0.000014,0.000022,"1,268","136,992"
"Dec 02, 2015",0.000018,0.000022,0.000014,0.000018,"2,385","137,402"
"Dec 01, 2015",0.000019,0.000019,0.000011,0.000018,"1,521","135,787"
"Nov 30, 2015",0.000019,0.000019,0.000011,0.000019,"3,158","133,670"
"Nov 29, 2015",0.000018,0.000021,0.000015,0.000019,"1,108","128,644"
"Nov 28, 2015",0.000014,0.000018,0.000014,0.000018,322,"102,819"
"Nov 27, 2015",0.000021,0.000022,0.000014,0.000014,"1,372","151,950"
"Nov 26, 2015",0.00002,0.000025,0.000018,0.000021,"1,710","141,776"
"Nov 25, 2015",0.000022,0.000023,0.000019,0.00002,530,"161,245"
"Nov 24, 2015",0.000019,0.000023,0.000019,0.000022,"1,126","139,492"
"Nov 23, 2015",0.000026,0.000026,0.000019,0.000019,"1,338","186,758"
"Nov 22, 2015",0.000023,0.000026,0.000022,0.000026,"1,115","164,214"
"Nov 21, 2015",0.000026,0.000026,0.00002,0.000023,802,"184,261"
"Nov 20, 2015",0.00002,0.000026,0.000019,0.000026,"1,139","139,430"
"Nov 19, 2015",0.000023,0.000023,0.00002,0.00002,213,"166,258"
"Nov 18, 2015",0.000023,0.000024,0.00002,0.000023,"1,198","165,590"
"Nov 17, 2015",0.00002,0.000024,0.00002,0.000023,480,"139,747"
"Nov 16, 2015",0.000022,0.000022,0.000019,0.00002,426,"156,966"
"Nov 15, 2015",0.000023,0.000027,0.000019,0.000022,"1,356","162,726"
"Nov 14, 2015",0.000024,0.000027,0.00002,0.000023,"1,288","163,802"
"Nov 13, 2015",0.000024,0.000027,0.00002,0.000024,"1,639","163,910"
"Nov 12, 2015",0.000025,0.000028,0.000019,0.000024,"3,234","172,334"
"Nov 11, 2015",0.000027,0.000028,0.000021,0.000025,"2,352","184,821"
"Nov 10, 2015",0.00003,0.000034,0.000026,0.000027,"1,687","204,841"
"Nov 09, 2015",0.00003,0.000034,0.000029,0.00003,"1,684","200,075"
"Nov 08, 2015",0.000031,0.000039,0.000029,0.00003,"3,334","203,862"
"Nov 07, 2015",0.00003,0.000035,0.000027,0.000031,"1,499","197,798"
"Nov 06, 2015",0.000035,0.000036,0.000029,0.00003,277,"229,804"
"Nov 05, 2015",0.000033,0.000037,0.000027,0.000035,"2,027","213,919"
"Nov 04, 2015",0.000036,0.000044,0.000027,0.000037,"6,003","236,847"
"Nov 03, 2015",0.000036,0.000043,0.000033,0.000036,"3,222","234,440"
"Nov 02, 2015",0.000036,0.000037,0.000033,0.000036,"1,765","231,952"
"Nov 01, 2015",0.000035,0.000038,0.000032,0.000036,"1,080","223,428"
"Oct 31, 2015",0.000039,0.00004,0.000034,0.000035,"1,191","253,610"
"Oct 30, 2015",0.000038,0.000041,0.000035,0.000039,"3,619","241,757"
"Oct 29, 2015",0.000037,0.000041,0.000036,0.000038,974,"233,720"
"Oct 28, 2015",0.000035,0.000042,0.000033,0.000037,"3,036","224,698"
"Oct 27, 2015",0.000034,0.000038,0.000032,0.000035,"2,826","216,440"
"Oct 26, 2015",0.000034,0.00004,0.000034,0.000034,"2,389","213,245"
"Oct 25, 2015",0.000039,0.000044,0.000034,0.000034,"4,755","243,963"
"Oct 24, 2015",0.000041,0.000042,0.000036,0.000039,"2,256","252,232"
"Oct 23, 2015",0.000041,0.000044,0.000036,0.000041,"3,184","247,520"
"Oct 22, 2015",0.000045,0.00005,0.000041,0.000041,"4,443","270,394"
"Oct 21, 2015",0.00004,0.000051,0.00004,0.000045,"3,715","239,495"
"Oct 20, 2015",0.00005,0.000053,0.000038,0.00004,"5,017","295,474"
"Oct 19, 2015",0.00005,0.000055,0.000042,0.00005,"6,603","292,957"
"Oct 18, 2015",0.000043,0.000057,0.000043,0.00005,"10,571","254,617"
"Oct 17, 2015",0.000045,0.000047,0.00004,0.000043,"2,195","261,719"
"Oct 16, 2015",0.000038,0.00005,0.000036,0.000045,"6,601","223,085"
"Oct 15, 2015",0.000035,0.000041,0.000033,0.000038,"4,216","206,154"
"Oct 14, 2015",0.00004,0.000041,0.000035,0.000035,"2,738","232,692"
"Oct 13, 2015",0.000037,0.000042,0.000032,0.00004,"5,072","214,138"
"Oct 12, 2015",0.000035,0.000039,0.000032,0.000037,"2,045","201,014"
"Oct 11, 2015",0.000029,0.000035,0.000029,0.000035,"5,577","170,595"
"Oct 10, 2015",0.000032,0.000034,0.000027,0.000029,"2,193","182,422"
"Oct 09, 2015",0.000032,0.000034,0.000027,0.000032,"2,332","178,833"
"Oct 08, 2015",0.000027,0.000044,0.000024,0.000031,"16,285","146,962"
"Oct 07, 2015",0.000027,0.000032,0.000024,0.000027,"5,158","146,725"
"Oct 06, 2015",0.000029,0.00003,0.000025,0.000027,"1,968","154,968"
"Oct 05, 2015",0.000029,0.000031,0.000026,0.000029,"1,177","153,354"
"Oct 04, 2015",0.000026,0.000031,0.000026,0.000029,291,"140,690"
"Oct 03, 2015",0.000028,0.000031,0.000026,0.000026,231,"152,497"
"Oct 02, 2015",0.000028,0.000031,0.000026,0.000028,639,"152,392"
"Oct 01, 2015",0.000028,0.000031,0.000026,0.000029,615,"151,392"
"Sep 30, 2015",0.000028,0.000031,0.000024,0.000028,"2,762","151,576"
"Sep 29, 2015",0.000029,0.000031,0.000028,0.000028,"1,290","152,952"
"Sep 28, 2015",0.00003,0.000033,0.000028,0.000029,"1,051","160,996"
"Sep 27, 2015",0.000033,0.000033,0.000028,0.00003,454,"174,232"
"Sep 26, 2015",0.000031,0.000033,0.000028,0.000033,417,"161,873"
"Sep 25, 2015",0.000033,0.000033,0.000031,0.000031,619,"173,518"
"Sep 24, 2015",0.000032,0.000035,0.00003,0.000033,"1,400","170,345"
"Sep 23, 2015",0.000032,0.000035,0.00003,0.000032,"2,988","170,617"
"Sep 22, 2015",0.00003,0.000032,0.000029,0.000032,"1,087","155,501"
"Sep 21, 2015",0.000028,0.000032,0.000027,0.00003,"2,589","145,956"
"Sep 20, 2015",0.000028,0.000032,0.000028,0.000028,"2,797","145,774"
"Sep 19, 2015",0.00003,0.00003,0.000025,0.000028,"2,034","157,566"
"Sep 18, 2015",0.00003,0.000032,0.000028,0.00003,"1,044","153,317"
"Sep 17, 2015",0.00003,0.000032,0.000028,0.00003,"4,337","148,864"
"Sep 16, 2015",0.000035,0.000035,0.00003,0.00003,"1,854","169,215"
"Sep 15, 2015",0.000035,0.000039,0.00003,0.000035,"4,489","167,032"
"Sep 14, 2015",0.000035,0.000039,0.000035,0.000035,"2,568","95,547"
"Sep 13, 2015",0.000033,0.00004,0.000031,0.000035,"1,774","90,969"
"Sep 12, 2015",0.000043,0.000046,0.000031,0.000033,"4,877","119,379"
"Sep 11, 2015",0.000048,0.000048,0.000038,0.000043,"6,597","131,661"
"Sep 10, 2015",0.000048,0.000055,0.000038,0.000048,"13,512","131,665"
"Sep 09, 2015",0.000078,0.000078,0.000045,0.000048,"18,387","370,239"
"Sep 08, 2015",0.000043,0.00009,0.000043,0.000078,"95,139","204,643"
"Sep 07, 2015",0.000029,0.000051,0.000026,0.000043,"12,820","136,381"
"Sep 06, 2015",0.000023,0.000029,0.000023,0.000029,"1,481","111,178"
"Sep 05, 2015",0.000025,0.000026,0.000023,0.000024,"1,154","119,699"
"Sep 04, 2015",0.000025,0.000025,0.000023,0.000025,391,"118,326"
"Sep 03, 2015",0.000028,0.000028,0.000023,0.000025,"2,991","129,600"
"Sep 02, 2015",0.00003,0.000032,0.000027,0.000028,"2,005","139,185"
"Sep 01, 2015",0.00003,0.000032,0.000029,0.00003,"1,436","139,925"
"Aug 31, 2015",0.000032,0.000034,0.000027,0.00003,"2,249","148,857"
"Aug 30, 2015",0.000037,0.000039,0.000027,0.000032,"5,895",-
"Aug 29, 2015",0.000039,0.000042,0.000034,0.000034,"2,025",-
"Aug 28, 2015",0.000043,0.000047,0.000035,0.000039,"6,165",-
"Aug 27, 2015",0.000041,0.000054,0.000038,0.000043,"9,605",-
"Aug 26, 2015",0.000046,0.000053,0.000041,0.000041,"25,580",-